idx,episode_id,label,confidence,racket,source_csv,lateral_offset_m,lateral_velocity_window_mps,pre_to_hit_delta_m,score_forehand,score_backhand,reason
0,Table_Tennis_01_005_TennisBats01_12p00_14p00_Skeleton001,forehand,1.0000,TennisBats01,Csv/Rige Body/Table Tennis_01_005.csv,0.54989,-0.84766,-0.04155,5.75,0.00,body_local_swing_forehand
1,Table_Tennis_01_005_TennisBats01_1p36_3p36_Skeleton001,forehand,1.0000,TennisBats01,Csv/Rige Body/Table Tennis_01_005.csv,0.31114,-1.91277,-0.10619,6.00,0.00,body_local_swing_forehand
2,Table_Tennis_01_005_TennisBats01_20p77_22p77_Skeleton001,forehand,1.0000,TennisBats01,Csv/Rige Body/Table Tennis_01_005.csv,0.50460,-1.67560,-0.13531,6.75,0.00,body_local_swing_forehand
3,Table_Tennis_01_005_TennisBats01_29p44_31p44_Skeleton001,forehand,1.0000,TennisBats01,Csv/Rige Body/Table Tennis_01_005.csv,0.42161,-1.48609,-0.11265,6.75,0.00,body_local_swing_forehand
4,Table_Tennis_01_005_TennisBats01_2p58_4p58_Skeleton001,forehand,1.0000,TennisBats01,Csv/Rige Body/Table Tennis_01_005.csv,0.43211,-1.37790,-0.09565,6.75,0.00,body_local_swing_forehand
5,Table_Tennis_01_005_TennisBats01_31p99_33p99_Skeleton001,forehand,1.0000,TennisBats01,Csv/Rige Body/Table Tennis_01_005.csv,0.63977,-1.78151,-0.11227,6.75,0.00,body_local_swing_forehand
6,Table_Tennis_01_005_TennisBats01_39p09_41p09_Skeleton001,forehand,1.0000,TennisBats01,Csv/Rige Body/Table Tennis_01_005.csv,0.47544,-2.25253,-0.14004,6.75,0.00,body_local_swing_forehand
7,Table_Tennis_01_005_TennisBats01_3p83_5p83_Skeleton001,forehand,1.0000,TennisBats01,Csv/Rige Body/Table Tennis_01_005.csv,0.54618,-0.98325,-0.05215,5.75,0.00,body_local_swing_forehand
8,Table_Tennis_01_005_TennisBats01_40p34_42p34_Skeleton001,forehand,1.0000,TennisBats01,Csv/Rige Body/Table Tennis_01_005.csv,0.24964,-2.19694,-0.12888,6.00,0.00,body_local_swing_forehand
9,Table_Tennis_01_005_TennisBats01_41p58_43p58_Skeleton001,forehand,1.0000,TennisBats01,Csv/Rige Body/Table Tennis_01_005.csv,0.58662,-1.36655,-0.07759,6.75,0.00,body_local_swing_forehand
10,Table_Tennis_01_005_TennisBats01_50p01_52p01_Skeleton001,forehand,1.0000,TennisBats01,Csv/Rige Body/Table Tennis_01_005.csv,0.37780,-2.10257,-0.15518,6.75,0.00,body_local_swing_forehand
11,Table_Tennis_01_005_TennisBats01_51p31_53p31_Skeleton001,forehand,1.0000,TennisBats01,Csv/Rige Body/Table Tennis_01_005.csv,0.41333,-2.13683,-0.14887,6.75,0.00,body_local_swing_forehand
12,Table_Tennis_01_005_TennisBats01_52p65_54p65_Skeleton001,forehand,1.0000,TennisBats01,Csv/Rige Body/Table Tennis_01_005.csv,0.46537,-1.57301,-0.09915,6.75,0.00,body_local_swing_forehand
13,Table_Tennis_01_005_TennisBats01_53p93_55p93_Skeleton001,forehand,1.0000,TennisBats01,Csv/Rige Body/Table Tennis_01_005.csv,0.54424,-0.83459,-0.05869,5.75,0.00,body_local_swing_forehand
14,Table_Tennis_01_005_TennisBats01_55p14_57p14_Skeleton001,forehand,1.0000,TennisBats01,Csv/Rige Body/Table Tennis_01_005.csv,0.42240,-1.28145,-0.06887,6.75,0.00,body_local_swing_forehand
15,Table_Tennis_01_005_TennisBats01_56p38_58p38_Skeleton001,forehand,1.0000,TennisBats01,Csv/Rige Body/Table Tennis_01_005.csv,0.40011,-1.46033,-0.11648,6.75,0.00,body_local_swing_forehand
16,Table_Tennis_01_005_TennisBats01_72p16_74p16_Skeleton001,forehand,1.0000,TennisBats01,Csv/Rige Body/Table Tennis_01_005.csv,0.52630,-0.40379,-0.03801,4.75,0.00,body_local_swing_forehand
17,Table_Tennis_01_005_TennisBats01_73p52_75p52_Skeleton001,forehand,1.0000,TennisBats01,Csv/Rige Body/Table Tennis_01_005.csv,0.39182,-1.72800,-0.11220,6.75,0.00,body_local_swing_forehand
18,Table_Tennis_01_005_TennisBats01_74p84_76p84_Skeleton001,forehand,1.0000,TennisBats01,Csv/Rige Body/Table Tennis_01_005.csv,0.50611,-2.93212,-0.15960,6.75,0.00,body_local_swing_forehand
19,Table_Tennis_01_005_TennisBats01_76p08_78p08_Skeleton001,forehand,1.0000,TennisBats01,Csv/Rige Body/Table Tennis_01_005.csv,0.41559,-1.96187,-0.12380,6.75,0.00,body_local_swing_forehand
20,Table_Tennis_01_005_TennisBats01_77p36_79p36_Skeleton001,forehand,1.0000,TennisBats01,Csv/Rige Body/Table Tennis_01_005.csv,0.55625,-2.22737,-0.12702,6.75,0.00,body_local_swing_forehand
21,Table_Tennis_01_005_TennisBats01_88p64_90p64_Skeleton001,forehand,1.0000,TennisBats01,Csv/Rige Body/Table Tennis_01_005.csv,0.49339,-1.58513,-0.09012,6.75,0.00,body_local_swing_forehand
22,Table_Tennis_01_005_TennisBats01_90p03_92p03_Skeleton001,forehand,1.0000,TennisBats01,Csv/Rige Body/Table Tennis_01_005.csv,0.53023,-2.58009,-0.22116,6.75,0.00,body_local_swing_forehand
23,Table_Tennis_01_005_TennisBats02_12p55_14p55_Skeleton002,backhand,1.0000,TennisBats02,Csv/Rige Body/Table Tennis_01_005.csv,0.16947,0.58570,0.03000,0.00,4.00,body_local_swing_backhand
24,Table_Tennis_01_005_TennisBats02_1p94_3p94_Skeleton002,unknown,0.0000,TennisBats02,Csv/Rige Body/Table Tennis_01_005.csv,0.18798,0.07165,0.00200,0.00,0.00,weak_motion_evidence
25,Table_Tennis_01_005_TennisBats02_21p31_23p31_Skeleton002,backhand,1.0000,TennisBats02,Csv/Rige Body/Table Tennis_01_005.csv,0.19918,0.40143,0.05176,0.00,4.00,body_local_swing_backhand
26,Table_Tennis_01_005_TennisBats02_39p62_41p62_Skeleton002,backhand,1.0000,TennisBats02,Csv/Rige Body/Table Tennis_01_005.csv,0.08684,0.39201,0.01417,0.00,3.75,body_local_swing_backhand
27,Table_Tennis_01_005_TennisBats02_40p91_42p91_Skeleton002,backhand,1.0000,TennisBats02,Csv/Rige Body/Table Tennis_01_005.csv,0.20760,0.39948,0.03206,0.00,4.00,body_local_swing_backhand
28,Table_Tennis_01_005_TennisBats02_50p52_52p52_Skeleton002,unknown,0.0000,TennisBats02,Csv/Rige Body/Table Tennis_01_005.csv,0.11128,0.16609,-0.01127,0.00,1.75,weak_motion_evidence
29,Table_Tennis_01_005_TennisBats02_51p91_53p91_Skeleton002,backhand,1.0000,TennisBats02,Csv/Rige Body/Table Tennis_01_005.csv,0.23422,0.35357,0.04492,0.00,4.00,body_local_swing_backhand
30,Table_Tennis_01_005_TennisBats02_53p19_55p19_Skeleton002,backhand,0.9500,TennisBats02,Csv/Rige Body/Table Tennis_01_005.csv,0.21626,0.35381,0.01825,0.00,3.00,body_local_swing_backhand
31,Table_Tennis_01_005_TennisBats02_54p47_56p47_Skeleton002,unknown,0.0000,TennisBats02,Csv/Rige Body/Table Tennis_01_005.csv,0.19463,0.23486,0.00365,0.00,1.00,weak_motion_evidence
32,Table_Tennis_01_005_TennisBats02_75p43_77p43_Skeleton002,backhand,1.0000,TennisBats02,Csv/Rige Body/Table Tennis_01_005.csv,0.20189,0.45056,0.03819,0.00,4.00,body_local_swing_backhand
33,Table_Tennis_01_005_TennisBats02_77p88_79p88_Skeleton002,backhand,1.0000,TennisBats02,Csv/Rige Body/Table Tennis_01_005.csv,0.11206,0.34972,0.01318,0.00,3.75,body_local_swing_backhand
34,Table_Tennis_01_005_TennisBats02_88p05_90p05_Skeleton002,backhand,0.9500,TennisBats02,Csv/Rige Body/Table Tennis_01_005.csv,0.21341,0.29448,0.02859,0.00,3.00,body_local_swing_backhand
35,Table_Tennis_01_006_TennisBats01_10p72_12p72_Skeleton001,forehand,1.0000,TennisBats01,Csv/Rige Body/Table Tennis_01_006.csv,0.47665,-2.17669,-0.14493,6.75,0.00,body_local_swing_forehand
36,Table_Tennis_01_006_TennisBats01_12p00_14p00_Skeleton001,forehand,1.0000,TennisBats01,Csv/Rige Body/Table Tennis_01_006.csv,0.35755,-2.52981,-0.15683,6.75,0.00,body_local_swing_forehand
37,Table_Tennis_01_006_TennisBats01_13p31_15p31_Skeleton001,forehand,1.0000,TennisBats01,Csv/Rige Body/Table Tennis_01_006.csv,0.40619,-2.39683,-0.13847,6.75,0.00,body_local_swing_forehand
38,Table_Tennis_01_006_TennisBats01_14p69_16p69_Skeleton001,forehand,1.0000,TennisBats01,Csv/Rige Body/Table Tennis_01_006.csv,0.35138,-1.32616,-0.06049,6.75,0.00,body_local_swing_forehand
39,Table_Tennis_01_006_TennisBats01_15p99_17p99_Skeleton001,forehand,1.0000,TennisBats01,Csv/Rige Body/Table Tennis_01_006.csv,0.59862,-1.06077,-0.05614,5.75,0.00,body_local_swing_forehand
40,Table_Tennis_01_006_TennisBats01_19p53_21p53_Skeleton001,forehand,1.0000,TennisBats01,Csv/Rige Body/Table Tennis_01_006.csv,0.32567,-2.22066,-0.13729,6.75,0.00,body_local_swing_forehand
41,Table_Tennis_01_006_TennisBats01_1p43_3p43_Skeleton001,forehand,1.0000,TennisBats01,Csv/Rige Body/Table Tennis_01_006.csv,0.37864,-1.14640,-0.03376,5.75,0.00,body_local_swing_forehand
42,Table_Tennis_01_006_TennisBats01_22p89_24p89_Skeleton001,forehand,1.0000,TennisBats01,Csv/Rige Body/Table Tennis_01_006.csv,0.42522,-1.29735,-0.08898,6.75,0.00,body_local_swing_forehand
43,Table_Tennis_01_006_TennisBats01_24p17_26p17_Skeleton001,forehand,1.0000,TennisBats01,Csv/Rige Body/Table Tennis_01_006.csv,0.35493,-2.12434,-0.15432,6.75,0.00,body_local_swing_forehand
44,Table_Tennis_01_006_TennisBats01_25p69_27p69_Skeleton001,backhand,1.0000,TennisBats01,Csv/Rige Body/Table Tennis_01_006.csv,0.71461,0.71730,0.06505,0.75,6.00,body_local_swing_backhand
45,Table_Tennis_01_006_TennisBats01_2p73_4p73_Skeleton001,forehand,1.0000,TennisBats01,Csv/Rige Body/Table Tennis_01_006.csv,0.35686,-1.84466,-0.08961,6.75,0.00,body_local_swing_forehand
46,Table_Tennis_01_006_TennisBats01_34p54_36p54_Skeleton001,forehand,1.0000,TennisBats01,Csv/Rige Body/Table Tennis_01_006.csv,0.41992,-1.67151,-0.10362,6.75,0.00,body_local_swing_forehand
47,Table_Tennis_01_006_TennisBats01_35p82_37p82_Skeleton001,forehand,1.0000,TennisBats01,Csv/Rige Body/Table Tennis_01_006.csv,0.42300,-1.67840,-0.12615,6.75,0.00,body_local_swing_forehand
48,Table_Tennis_01_006_TennisBats01_37p10_39p10_Skeleton001,forehand,1.0000,TennisBats01,Csv/Rige Body/Table Tennis_01_006.csv,0.35386,-1.62211,-0.09008,6.75,0.00,body_local_swing_forehand
49,Table_Tennis_01_006_TennisBats01_38p37_40p37_Skeleton001,forehand,1.0000,TennisBats01,Csv/Rige Body/Table Tennis_01_006.csv,0.41054,-1.17733,-0.05831,5.75,0.00,body_local_swing_forehand
50,Table_Tennis_01_006_TennisBats01_39p65_41p65_Skeleton001,forehand,1.0000,TennisBats01,Csv/Rige Body/Table Tennis_01_006.csv,0.56537,-0.89424,-0.06097,6.75,0.00,body_local_swing_forehand
51,Table_Tennis_01_006_TennisBats01_40p90_42p90_Skeleton001,forehand,1.0000,TennisBats01,Csv/Rige Body/Table Tennis_01_006.csv,0.41993,-2.19348,-0.13734,6.75,0.00,body_local_swing_forehand
52,Table_Tennis_01_006_TennisBats01_42p15_44p15_Skeleton001,forehand,1.0000,TennisBats01,Csv/Rige Body/Table Tennis_01_006.csv,0.47031,-1.59155,-0.09822,6.75,0.00,body_local_swing_forehand
53,Table_Tennis_01_006_TennisBats01_43p35_45p35_Skeleton001,forehand,1.0000,TennisBats01,Csv/Rige Body/Table Tennis_01_006.csv,0.52673,-1.05890,-0.07510,6.75,0.00,body_local_swing_forehand
54,Table_Tennis_01_006_TennisBats01_44p60_46p60_Skeleton001,forehand,1.0000,TennisBats01,Csv/Rige Body/Table Tennis_01_006.csv,0.29405,-2.60973,-0.16727,6.00,0.00,body_local_swing_forehand
55,Table_Tennis_01_006_TennisBats01_45p80_47p80_Skeleton001,forehand,1.0000,TennisBats01,Csv/Rige Body/Table Tennis_01_006.csv,0.67147,-0.76693,-0.03705,5.75,0.00,body_local_swing_forehand
56,Table_Tennis_01_006_TennisBats01_47p65_49p65_Skeleton001,unknown,0.0000,TennisBats01,Csv/Rige Body/Table Tennis_01_006.csv,0.37035,-0.23742,-0.00944,1.75,0.00,weak_motion_evidence
57,Table_Tennis_01_006_TennisBats01_4p05_6p05_Skeleton001,forehand,1.0000,TennisBats01,Csv/Rige Body/Table Tennis_01_006.csv,0.31259,-2.07690,-0.12288,6.00,0.00,body_local_swing_forehand
58,Table_Tennis_01_006_TennisBats01_51p05_53p05_Skeleton001,forehand,1.0000,TennisBats01,Csv/Rige Body/Table Tennis_01_006.csv,0.37408,-1.65865,-0.10158,6.75,0.00,body_local_swing_forehand
59,Table_Tennis_01_006_TennisBats01_52p28_54p28_Skeleton001,forehand,1.0000,TennisBats01,Csv/Rige Body/Table Tennis_01_006.csv,0.39137,-2.06808,-0.11646,6.75,0.00,body_local_swing_forehand
60,Table_Tennis_01_006_TennisBats01_56p94_58p94_Skeleton001,forehand,1.0000,TennisBats01,Csv/Rige Body/Table Tennis_01_006.csv,0.61965,-1.17119,-0.04740,5.75,0.00,body_local_swing_forehand
61,Table_Tennis_01_006_TennisBats01_58p22_60p22_Skeleton001,forehand,1.0000,TennisBats01,Csv/Rige Body/Table Tennis_01_006.csv,0.39250,-1.71068,-0.08573,6.75,0.00,body_local_swing_forehand
62,Table_Tennis_01_006_TennisBats01_59p42_61p42_Skeleton001,forehand,1.0000,TennisBats01,Csv/Rige Body/Table Tennis_01_006.csv,0.54660,-1.25638,-0.07438,6.75,0.00,body_local_swing_forehand
63,Table_Tennis_01_006_TennisBats01_5p40_7p40_Skeleton001,forehand,1.0000,TennisBats01,Csv/Rige Body/Table Tennis_01_006.csv,0.40629,-1.77371,-0.11687,6.75,0.00,body_local_swing_forehand
64,Table_Tennis_01_006_TennisBats01_60p63_62p63_Skeleton001,forehand,1.0000,TennisBats01,Csv/Rige Body/Table Tennis_01_006.csv,0.34667,-2.18379,-0.11744,6.75,0.00,body_local_swing_forehand
65,Table_Tennis_01_006_TennisBats01_6p73_8p73_Skeleton001,forehand,1.0000,TennisBats01,Csv/Rige Body/Table Tennis_01_006.csv,0.40742,-1.95685,-0.11604,6.75,0.00,body_local_swing_forehand
66,Table_Tennis_01_006_TennisBats01_70p92_72p92_Skeleton001,unknown,0.0000,TennisBats01,Csv/Rige Body/Table Tennis_01_006.csv,0.62246,0.00468,0.00875,0.75,0.00,weak_motion_evidence
67,Table_Tennis_01_006_TennisBats01_72p22_74p22_Skeleton001,forehand,1.0000,TennisBats01,Csv/Rige Body/Table Tennis_01_006.csv,0.40009,-0.58580,-0.01991,3.75,0.00,body_local_swing_forehand
68,Table_Tennis_01_006_TennisBats01_73p49_75p49_Skeleton001,forehand,1.0000,TennisBats01,Csv/Rige Body/Table Tennis_01_006.csv,0.39805,-1.72625,-0.11394,6.75,0.00,body_local_swing_forehand
69,Table_Tennis_01_006_TennisBats01_74p73_76p73_Skeleton001,forehand,1.0000,TennisBats01,Csv/Rige Body/Table Tennis_01_006.csv,0.65922,-1.86538,-0.10248,6.75,0.00,body_local_swing_forehand
70,Table_Tennis_01_006_TennisBats01_75p97_77p97_Skeleton001,forehand,0.9000,TennisBats01,Csv/Rige Body/Table Tennis_01_006.csv,0.35975,-0.50357,0.01129,2.75,0.00,body_local_swing_forehand
71,Table_Tennis_01_006_TennisBats01_80p14_82p14_Skeleton001,forehand,1.0000,TennisBats01,Csv/Rige Body/Table Tennis_01_006.csv,0.54245,-1.11745,-0.08319,6.75,0.00,body_local_swing_forehand
72,Table_Tennis_01_006_TennisBats01_8p12_10p12_Skeleton001,forehand,1.0000,TennisBats01,Csv/Rige Body/Table Tennis_01_006.csv,0.53974,-0.87825,-0.06699,6.75,0.00,body_local_swing_forehand
73,Table_Tennis_01_006_TennisBats01_93p40_95p40_Skeleton001,forehand,1.0000,TennisBats01,Csv/Rige Body/Table Tennis_01_006.csv,0.34770,-1.74815,-0.10921,6.75,0.00,body_local_swing_forehand
74,Table_Tennis_01_006_TennisBats01_94p69_96p69_Skeleton001,forehand,1.0000,TennisBats01,Csv/Rige Body/Table Tennis_01_006.csv,0.43494,-1.33380,-0.07803,6.75,0.00,body_local_swing_forehand
75,Table_Tennis_01_006_TennisBats01_95p96_97p96_Skeleton001,forehand,1.0000,TennisBats01,Csv/Rige Body/Table Tennis_01_006.csv,0.37506,-1.64834,-0.11160,6.75,0.00,body_local_swing_forehand
76,Table_Tennis_01_006_TennisBats01_97p27_99p27_Skeleton001,forehand,1.0000,TennisBats01,Csv/Rige Body/Table Tennis_01_006.csv,0.24939,-2.47174,-0.13732,6.00,0.00,body_local_swing_forehand
77,Table_Tennis_01_006_TennisBats01_9p38_11p38_Skeleton001,forehand,1.0000,TennisBats01,Csv/Rige Body/Table Tennis_01_006.csv,0.29844,-2.01626,-0.11231,6.00,0.00,body_local_swing_forehand
78,Table_Tennis_01_006_TennisBats02_0p69_2p69_Skeleton002,unknown,0.0000,TennisBats02,Csv/Rige Body/Table Tennis_01_006.csv,0.28849,0.23155,0.00881,0.00,1.00,weak_motion_evidence
79,Table_Tennis_01_006_TennisBats02_11p26_13p26_Skeleton002,unknown,0.0000,TennisBats02,Csv/Rige Body/Table Tennis_01_006.csv,0.11350,0.20005,-0.00988,0.00,1.75,weak_motion_evidence
80,Table_Tennis_01_006_TennisBats02_12p54_14p54_Skeleton002,backhand,1.0000,TennisBats02,Csv/Rige Body/Table Tennis_01_006.csv,0.17966,0.44400,0.03633,0.00,4.00,body_local_swing_backhand
81,Table_Tennis_01_006_TennisBats02_13p93_15p93_Skeleton002,backhand,1.0000,TennisBats02,Csv/Rige Body/Table Tennis_01_006.csv,0.14192,0.86658,0.06642,0.00,6.75,body_local_swing_backhand
82,Table_Tennis_01_006_TennisBats02_15p29_17p29_Skeleton002,backhand,0.9500,TennisBats02,Csv/Rige Body/Table Tennis_01_006.csv,0.21362,0.53869,0.02181,0.00,3.00,body_local_swing_backhand
83,Table_Tennis_01_006_TennisBats02_21p91_23p91_Skeleton002,backhand,1.0000,TennisBats02,Csv/Rige Body/Table Tennis_01_006.csv,0.05450,0.84911,0.02128,0.00,4.75,body_local_swing_backhand
84,Table_Tennis_01_006_TennisBats02_23p47_25p47_Skeleton002,backhand,1.0000,TennisBats02,Csv/Rige Body/Table Tennis_01_006.csv,0.13560,0.43415,0.02848,0.00,4.75,body_local_swing_backhand
85,Table_Tennis_01_006_TennisBats02_26p27_28p27_Skeleton002,backhand,1.0000,TennisBats02,Csv/Rige Body/Table Tennis_01_006.csv,0.17021,0.68567,0.02457,0.00,4.00,body_local_swing_backhand
86,Table_Tennis_01_006_TennisBats02_2p06_4p06_Skeleton002,backhand,1.0000,TennisBats02,Csv/Rige Body/Table Tennis_01_006.csv,0.25541,1.10488,0.07158,0.00,6.00,body_local_swing_backhand
87,Table_Tennis_01_006_TennisBats02_33p88_35p88_Skeleton002,backhand,1.0000,TennisBats02,Csv/Rige Body/Table Tennis_01_006.csv,0.13773,0.63484,0.04737,0.00,4.75,body_local_swing_backhand
88,Table_Tennis_01_006_TennisBats02_35p14_37p14_Skeleton002,backhand,0.9500,TennisBats02,Csv/Rige Body/Table Tennis_01_006.csv,0.21147,0.34752,0.01443,0.00,3.00,body_local_swing_backhand
89,Table_Tennis_01_006_TennisBats02_36p41_38p41_Skeleton002,backhand,0.7500,TennisBats02,Csv/Rige Body/Table Tennis_01_006.csv,0.18842,0.40971,0.01098,0.00,2.00,body_local_swing_backhand
90,Table_Tennis_01_006_TennisBats02_37p71_39p71_Skeleton002,unknown,0.0000,TennisBats02,Csv/Rige Body/Table Tennis_01_006.csv,0.27464,0.04139,-0.00668,0.00,0.00,weak_motion_evidence
91,Table_Tennis_01_006_TennisBats02_38p94_40p94_Skeleton002,unknown,0.0000,TennisBats02,Csv/Rige Body/Table Tennis_01_006.csv,0.06730,-0.11793,-0.01898,1.00,0.75,weak_motion_evidence
92,Table_Tennis_01_006_TennisBats02_3p28_5p28_Skeleton002,backhand,1.0000,TennisBats02,Csv/Rige Body/Table Tennis_01_006.csv,0.19709,0.86233,0.03211,0.00,5.00,body_local_swing_backhand
93,Table_Tennis_01_006_TennisBats02_40p22_42p22_Skeleton002,backhand,1.0000,TennisBats02,Csv/Rige Body/Table Tennis_01_006.csv,0.12736,0.46268,0.03470,0.00,4.75,body_local_swing_backhand
94,Table_Tennis_01_006_TennisBats02_41p46_43p46_Skeleton002,backhand,1.0000,TennisBats02,Csv/Rige Body/Table Tennis_01_006.csv,0.16201,0.47184,0.02962,0.00,4.00,body_local_swing_backhand
95,Table_Tennis_01_006_TennisBats02_42p66_44p66_Skeleton002,unknown,0.0000,TennisBats02,Csv/Rige Body/Table Tennis_01_006.csv,0.18792,0.18393,0.00709,0.00,1.00,weak_motion_evidence
96,Table_Tennis_01_006_TennisBats02_43p91_45p91_Skeleton002,backhand,1.0000,TennisBats02,Csv/Rige Body/Table Tennis_01_006.csv,0.11604,0.31117,0.01335,0.00,3.75,body_local_swing_backhand
97,Table_Tennis_01_006_TennisBats02_45p18_47p18_Skeleton002,backhand,0.9000,TennisBats02,Csv/Rige Body/Table Tennis_01_006.csv,0.15830,0.35114,-0.00756,0.00,2.75,body_local_swing_backhand
98,Table_Tennis_01_006_TennisBats02_4p66_6p66_Skeleton002,backhand,1.0000,TennisBats02,Csv/Rige Body/Table Tennis_01_006.csv,0.26450,0.75990,0.03753,0.00,5.00,body_local_swing_backhand
99,Table_Tennis_01_006_TennisBats02_50p44_52p44_Skeleton002,backhand,1.0000,TennisBats02,Csv/Rige Body/Table Tennis_01_006.csv,0.14198,1.38573,0.10437,0.00,6.75,body_local_swing_backhand
100,Table_Tennis_01_006_TennisBats02_51p67_53p67_Skeleton002,backhand,1.0000,TennisBats02,Csv/Rige Body/Table Tennis_01_006.csv,0.22833,0.56538,0.03193,0.00,4.00,body_local_swing_backhand
101,Table_Tennis_01_006_TennisBats02_56p24_58p24_Skeleton002,unknown,0.0000,TennisBats02,Csv/Rige Body/Table Tennis_01_006.csv,0.12343,0.09370,-0.00588,0.00,0.75,weak_motion_evidence
102,Table_Tennis_01_006_TennisBats02_57p53_59p53_Skeleton002,backhand,1.0000,TennisBats02,Csv/Rige Body/Table Tennis_01_006.csv,0.10930,0.52376,0.02923,0.00,4.75,body_local_swing_backhand
103,Table_Tennis_01_006_TennisBats02_58p74_60p74_Skeleton002,backhand,0.9500,TennisBats02,Csv/Rige Body/Table Tennis_01_006.csv,0.18880,0.32089,0.01225,0.00,3.00,body_local_swing_backhand
104,Table_Tennis_01_006_TennisBats02_59p95_61p95_Skeleton002,backhand,1.0000,TennisBats02,Csv/Rige Body/Table Tennis_01_006.csv,0.11659,0.37238,0.02172,0.00,3.75,body_local_swing_backhand
105,Table_Tennis_01_006_TennisBats02_5p96_7p96_Skeleton002,backhand,1.0000,TennisBats02,Csv/Rige Body/Table Tennis_01_006.csv,0.11320,0.30863,0.01771,0.00,3.75,body_local_swing_backhand
106,Table_Tennis_01_006_TennisBats02_71p51_73p51_Skeleton002,backhand,1.0000,TennisBats02,Csv/Rige Body/Table Tennis_01_006.csv,0.09089,0.63237,0.04199,0.00,4.75,body_local_swing_backhand
107,Table_Tennis_01_006_TennisBats02_72p81_74p81_Skeleton002,backhand,1.0000,TennisBats02,Csv/Rige Body/Table Tennis_01_006.csv,0.17018,0.38112,0.03397,0.00,4.00,body_local_swing_backhand
108,Table_Tennis_01_006_TennisBats02_74p06_76p06_Skeleton002,backhand,1.0000,TennisBats02,Csv/Rige Body/Table Tennis_01_006.csv,0.18073,0.61186,0.04666,0.00,4.00,body_local_swing_backhand
109,Table_Tennis_01_006_TennisBats02_75p33_77p33_Skeleton002,backhand,1.0000,TennisBats02,Csv/Rige Body/Table Tennis_01_006.csv,0.14148,0.59906,0.01689,0.00,3.75,body_local_swing_backhand
110,Table_Tennis_01_006_TennisBats02_79p19_81p19_Skeleton002,backhand,1.0000,TennisBats02,Csv/Rige Body/Table Tennis_01_006.csv,0.01159,0.59709,0.01646,0.00,3.75,body_local_swing_backhand
111,Table_Tennis_01_006_TennisBats02_7p34_9p34_Skeleton002,backhand,0.7500,TennisBats02,Csv/Rige Body/Table Tennis_01_006.csv,0.21545,0.27319,0.02253,0.00,2.00,body_local_swing_backhand
112,Table_Tennis_01_006_TennisBats02_8p69_10p69_Skeleton002,backhand,1.0000,TennisBats02,Csv/Rige Body/Table Tennis_01_006.csv,0.26028,0.48736,0.03541,0.00,4.00,body_local_swing_backhand
113,Table_Tennis_01_006_TennisBats02_94p02_96p02_Skeleton002,backhand,1.0000,TennisBats02,Csv/Rige Body/Table Tennis_01_006.csv,0.14521,0.33608,0.02852,0.00,4.75,body_local_swing_backhand
114,Table_Tennis_01_006_TennisBats02_95p25_97p25_Skeleton002,backhand,1.0000,TennisBats02,Csv/Rige Body/Table Tennis_01_006.csv,0.14273,0.31720,0.01460,0.00,3.75,body_local_swing_backhand
115,Table_Tennis_01_006_TennisBats02_96p54_98p54_Skeleton002,backhand,1.0000,TennisBats02,Csv/Rige Body/Table Tennis_01_006.csv,0.24317,0.71458,0.05512,0.00,5.00,body_local_swing_backhand
116,Table_Tennis_01_006_TennisBats02_9p97_11p97_Skeleton002,backhand,0.9500,TennisBats02,Csv/Rige Body/Table Tennis_01_006.csv,0.21008,0.47277,0.01805,0.00,3.00,body_local_swing_backhand
117,Table_Tennis_01_007_TennisBats01_21p17_23p17_Skeleton001,forehand,1.0000,TennisBats01,Csv/Rige Body/Table Tennis_01_007.csv,0.32775,-1.45073,-0.09876,6.75,0.00,body_local_swing_forehand
118,Table_Tennis_01_007_TennisBats01_22p42_24p42_Skeleton001,forehand,1.0000,TennisBats01,Csv/Rige Body/Table Tennis_01_007.csv,0.26827,-1.79645,-0.09152,6.00,0.00,body_local_swing_forehand
119,Table_Tennis_01_007_TennisBats01_23p64_25p64_Skeleton001,forehand,1.0000,TennisBats01,Csv/Rige Body/Table Tennis_01_007.csv,0.44114,-1.74179,-0.11999,6.75,0.00,body_local_swing_forehand
120,Table_Tennis_01_007_TennisBats01_26p02_28p02_Skeleton001,forehand,1.0000,TennisBats01,Csv/Rige Body/Table Tennis_01_007.csv,0.39300,-1.94422,-0.13852,6.75,0.00,body_local_swing_forehand
121,Table_Tennis_01_007_TennisBats01_27p29_29p29_Skeleton001,forehand,1.0000,TennisBats01,Csv/Rige Body/Table Tennis_01_007.csv,0.58562,-1.64948,-0.10932,6.75,0.00,body_local_swing_forehand
122,Table_Tennis_01_007_TennisBats01_28p55_30p55_Skeleton001,forehand,1.0000,TennisBats01,Csv/Rige Body/Table Tennis_01_007.csv,0.33343,-2.29894,-0.10345,6.75,0.00,body_local_swing_forehand
123,Table_Tennis_01_007_TennisBats01_29p83_31p83_Skeleton001,forehand,1.0000,TennisBats01,Csv/Rige Body/Table Tennis_01_007.csv,0.40122,-1.70976,-0.11567,6.75,0.00,body_local_swing_forehand
124,Table_Tennis_01_007_TennisBats01_31p10_33p10_Skeleton001,forehand,1.0000,TennisBats01,Csv/Rige Body/Table Tennis_01_007.csv,0.34254,-2.10206,-0.14920,6.75,0.00,body_local_swing_forehand
125,Table_Tennis_01_007_TennisBats01_38p01_40p01_Skeleton001,forehand,1.0000,TennisBats01,Csv/Rige Body/Table Tennis_01_007.csv,0.18882,-2.15569,-0.18629,6.00,0.00,body_local_swing_forehand
126,Table_Tennis_01_007_TennisBats01_40p81_42p81_Skeleton001,forehand,1.0000,TennisBats01,Csv/Rige Body/Table Tennis_01_007.csv,0.35180,-1.55176,-0.11759,6.75,0.00,body_local_swing_forehand
127,Table_Tennis_01_007_TennisBats01_43p64_45p64_Skeleton001,forehand,1.0000,TennisBats01,Csv/Rige Body/Table Tennis_01_007.csv,0.20488,-2.00968,-0.16604,6.00,0.00,body_local_swing_forehand
128,Table_Tennis_01_007_TennisBats01_45p25_47p25_Skeleton001,forehand,1.0000,TennisBats01,Csv/Rige Body/Table Tennis_01_007.csv,0.55237,-2.12666,-0.11178,6.75,0.00,body_local_swing_forehand
129,Table_Tennis_01_007_TennisBats01_46p51_48p51_Skeleton001,forehand,1.0000,TennisBats01,Csv/Rige Body/Table Tennis_01_007.csv,0.42855,-2.06135,-0.15262,6.75,0.00,body_local_swing_forehand
130,Table_Tennis_01_007_TennisBats01_51p85_53p85_Skeleton001,forehand,1.0000,TennisBats01,Csv/Rige Body/Table Tennis_01_007.csv,0.21339,-2.33709,-0.17729,6.00,0.00,body_local_swing_forehand
131,Table_Tennis_01_007_TennisBats01_53p40_55p40_Skeleton001,forehand,1.0000,TennisBats01,Csv/Rige Body/Table Tennis_01_007.csv,0.35694,-1.68299,-0.10505,6.75,0.00,body_local_swing_forehand
132,Table_Tennis_01_007_TennisBats01_54p65_56p65_Skeleton001,forehand,1.0000,TennisBats01,Csv/Rige Body/Table Tennis_01_007.csv,0.44853,-1.83821,-0.13094,6.75,0.00,body_local_swing_forehand
133,Table_Tennis_01_007_TennisBats01_55p90_57p90_Skeleton001,forehand,1.0000,TennisBats01,Csv/Rige Body/Table Tennis_01_007.csv,0.40950,-2.04779,-0.14618,6.75,0.00,body_local_swing_forehand
134,Table_Tennis_01_007_TennisBats01_57p16_59p16_Skeleton001,forehand,1.0000,TennisBats01,Csv/Rige Body/Table Tennis_01_007.csv,0.45600,-1.96003,-0.12955,6.75,0.00,body_local_swing_forehand
135,Table_Tennis_01_007_TennisBats01_58p36_60p36_Skeleton001,forehand,1.0000,TennisBats01,Csv/Rige Body/Table Tennis_01_007.csv,0.39978,-1.87905,-0.10524,6.75,0.00,body_local_swing_forehand
136,Table_Tennis_01_007_TennisBats01_59p67_61p67_Skeleton001,forehand,1.0000,TennisBats01,Csv/Rige Body/Table Tennis_01_007.csv,0.39894,-2.18481,-0.15973,6.75,0.00,body_local_swing_forehand
137,Table_Tennis_01_007_TennisBats01_60p91_62p91_Skeleton001,forehand,1.0000,TennisBats01,Csv/Rige Body/Table Tennis_01_007.csv,0.36839,-1.54221,-0.08413,6.75,0.00,body_local_swing_forehand
138,Table_Tennis_01_007_TennisBats01_62p18_64p18_Skeleton001,forehand,1.0000,TennisBats01,Csv/Rige Body/Table Tennis_01_007.csv,0.46000,-2.30851,-0.13804,6.75,0.00,body_local_swing_forehand
139,Table_Tennis_01_007_TennisBats01_63p39_65p39_Skeleton001,forehand,1.0000,TennisBats01,Csv/Rige Body/Table Tennis_01_007.csv,0.37726,-2.20856,-0.14081,6.75,0.00,body_local_swing_forehand
140,Table_Tennis_01_007_TennisBats01_64p62_66p62_Skeleton001,forehand,1.0000,TennisBats01,Csv/Rige Body/Table Tennis_01_007.csv,0.31822,-2.20432,-0.12422,6.00,0.00,body_local_swing_forehand
141,Table_Tennis_01_007_TennisBats01_67p87_69p87_Skeleton001,forehand,1.0000,TennisBats01,Csv/Rige Body/Table Tennis_01_007.csv,0.17527,-2.19370,-0.17887,6.00,0.00,body_local_swing_forehand
142,Table_Tennis_01_007_TennisBats01_69p41_71p41_Skeleton001,forehand,1.0000,TennisBats01,Csv/Rige Body/Table Tennis_01_007.csv,0.42073,-1.90577,-0.11358,6.75,0.00,body_local_swing_forehand
143,Table_Tennis_01_007_TennisBats01_77p88_79p88_Skeleton001,forehand,0.8000,TennisBats01,Csv/Rige Body/Table Tennis_01_007.csv,0.10004,-0.26790,-0.03786,3.00,0.75,body_local_swing_forehand
144,Table_Tennis_01_007_TennisBats01_79p19_81p19_Skeleton001,forehand,1.0000,TennisBats01,Csv/Rige Body/Table Tennis_01_007.csv,0.41888,-1.63786,-0.10426,6.75,0.00,body_local_swing_forehand
145,Table_Tennis_01_007_TennisBats01_80p40_82p40_Skeleton001,forehand,1.0000,TennisBats01,Csv/Rige Body/Table Tennis_01_007.csv,0.46057,-2.19146,-0.14108,6.75,0.00,body_local_swing_forehand
146,Table_Tennis_01_007_TennisBats01_88p07_90p07_Skeleton001,forehand,1.0000,TennisBats01,Csv/Rige Body/Table Tennis_01_007.csv,0.46197,-1.05438,-0.08127,6.75,0.00,body_local_swing_forehand
147,Table_Tennis_01_007_TennisBats01_89p33_91p33_Skeleton001,forehand,1.0000,TennisBats01,Csv/Rige Body/Table Tennis_01_007.csv,0.41811,-1.47467,-0.09566,6.75,0.00,body_local_swing_forehand
148,Table_Tennis_01_007_TennisBats02_11p42_13p42_Skeleton002,unknown,0.0000,TennisBats02,Csv/Rige Body/Table Tennis_01_007.csv,0.11852,0.21307,0.00259,0.00,1.75,weak_motion_evidence
149,Table_Tennis_01_007_TennisBats02_20p31_22p31_Skeleton002,backhand,1.0000,TennisBats02,Csv/Rige Body/Table Tennis_01_007.csv,0.04846,0.98600,0.02415,0.00,4.75,body_local_swing_backhand
150,Table_Tennis_01_007_TennisBats02_21p77_23p77_Skeleton002,backhand,1.0000,TennisBats02,Csv/Rige Body/Table Tennis_01_007.csv,0.21117,0.44499,0.03190,0.00,4.00,body_local_swing_backhand
151,Table_Tennis_01_007_TennisBats02_22p98_24p98_Skeleton002,unknown,0.0000,TennisBats02,Csv/Rige Body/Table Tennis_01_007.csv,0.12448,0.03207,-0.01960,1.00,0.75,weak_motion_evidence
152,Table_Tennis_01_007_TennisBats02_25p36_27p36_Skeleton002,backhand,1.0000,TennisBats02,Csv/Rige Body/Table Tennis_01_007.csv,0.13996,0.49543,0.01646,0.00,3.75,body_local_swing_backhand
153,Table_Tennis_01_007_TennisBats02_26p59_28p59_Skeleton002,unknown,0.0000,TennisBats02,Csv/Rige Body/Table Tennis_01_007.csv,0.19479,0.18354,-0.01553,1.00,1.00,weak_motion_evidence
154,Table_Tennis_01_007_TennisBats02_27p82_29p82_Skeleton002,backhand,1.0000,TennisBats02,Csv/Rige Body/Table Tennis_01_007.csv,0.12188,0.52742,0.02462,0.00,3.75,body_local_swing_backhand
155,Table_Tennis_01_007_TennisBats02_29p18_31p18_Skeleton002,backhand,1.0000,TennisBats02,Csv/Rige Body/Table Tennis_01_007.csv,0.30178,0.71005,0.06356,0.00,6.00,body_local_swing_backhand
156,Table_Tennis_01_007_TennisBats02_31p63_33p63_Skeleton002,unknown,0.0000,TennisBats02,Csv/Rige Body/Table Tennis_01_007.csv,0.17539,0.10561,0.01117,0.00,0.00,weak_motion_evidence
157,Table_Tennis_01_007_TennisBats02_38p83_40p83_Skeleton002,unknown,0.0000,TennisBats02,Csv/Rige Body/Table Tennis_01_007.csv,0.13134,0.25046,0.00965,0.00,1.75,weak_motion_evidence
158,Table_Tennis_01_007_TennisBats02_40p16_42p16_Skeleton002,backhand,0.9500,TennisBats02,Csv/Rige Body/Table Tennis_01_007.csv,0.20660,0.46604,0.02345,0.00,3.00,body_local_swing_backhand
159,Table_Tennis_01_007_TennisBats02_41p59_43p59_Skeleton002,forehand,1.0000,TennisBats02,Csv/Rige Body/Table Tennis_01_007.csv,0.53641,-1.18664,-0.03993,5.75,0.00,body_local_swing_forehand
160,Table_Tennis_01_007_TennisBats02_44p54_46p54_Skeleton002,backhand,1.0000,TennisBats02,Csv/Rige Body/Table Tennis_01_007.csv,0.16999,0.58329,0.05426,0.00,4.00,body_local_swing_backhand
161,Table_Tennis_01_007_TennisBats02_45p84_47p84_Skeleton002,backhand,1.0000,TennisBats02,Csv/Rige Body/Table Tennis_01_007.csv,0.23794,0.47830,0.03928,0.00,4.00,body_local_swing_backhand
162,Table_Tennis_01_007_TennisBats02_52p68_54p68_Skeleton002,backhand,0.9000,TennisBats02,Csv/Rige Body/Table Tennis_01_007.csv,0.08095,0.29269,0.01604,0.00,2.75,body_local_swing_backhand
163,Table_Tennis_01_007_TennisBats02_53p98_55p98_Skeleton002,unknown,0.0000,TennisBats02,Csv/Rige Body/Table Tennis_01_007.csv,0.16955,0.27019,0.01006,0.00,1.00,weak_motion_evidence
164,Table_Tennis_01_007_TennisBats02_55p19_57p19_Skeleton002,unknown,0.0000,TennisBats02,Csv/Rige Body/Table Tennis_01_007.csv,0.08283,-0.05217,-0.01557,1.00,0.75,weak_motion_evidence
165,Table_Tennis_01_007_TennisBats02_56p43_58p43_Skeleton002,backhand,1.0000,TennisBats02,Csv/Rige Body/Table Tennis_01_007.csv,0.11428,0.67864,0.04202,0.00,5.75,body_local_swing_backhand
166,Table_Tennis_01_007_TennisBats02_57p70_59p70_Skeleton002,unknown,0.0000,TennisBats02,Csv/Rige Body/Table Tennis_01_007.csv,0.10451,0.28448,0.00542,0.00,1.75,weak_motion_evidence
167,Table_Tennis_01_007_TennisBats02_58p91_60p91_Skeleton002,backhand,0.7500,TennisBats02,Csv/Rige Body/Table Tennis_01_007.csv,0.16443,0.46121,-0.00437,0.00,2.00,body_local_swing_backhand
168,Table_Tennis_01_007_TennisBats02_60p23_62p23_Skeleton002,backhand,0.9000,TennisBats02,Csv/Rige Body/Table Tennis_01_007.csv,0.13426,0.28003,0.01587,0.00,2.75,body_local_swing_backhand
169,Table_Tennis_01_007_TennisBats02_61p49_63p49_Skeleton002,backhand,1.0000,TennisBats02,Csv/Rige Body/Table Tennis_01_007.csv,0.20013,0.45985,0.03520,0.00,4.00,body_local_swing_backhand
170,Table_Tennis_01_007_TennisBats02_62p70_64p70_Skeleton002,backhand,0.9000,TennisBats02,Csv/Rige Body/Table Tennis_01_007.csv,0.11310,0.32784,0.01187,0.00,2.75,body_local_swing_backhand
171,Table_Tennis_01_007_TennisBats02_63p92_65p92_Skeleton002,unknown,0.0000,TennisBats02,Csv/Rige Body/Table Tennis_01_007.csv,0.05305,-0.11924,-0.01394,1.00,0.75,weak_motion_evidence
172,Table_Tennis_01_007_TennisBats02_68p73_70p73_Skeleton002,backhand,1.0000,TennisBats02,Csv/Rige Body/Table Tennis_01_007.csv,0.17945,0.77991,0.05302,0.00,5.00,body_local_swing_backhand
173,Table_Tennis_01_007_TennisBats02_69p93_71p93_Skeleton002,backhand,0.9000,TennisBats02,Csv/Rige Body/Table Tennis_01_007.csv,0.05453,0.30298,0.00566,0.00,2.75,body_local_swing_backhand
174,Table_Tennis_01_007_TennisBats02_77p00_79p00_Skeleton002,backhand,1.0000,TennisBats02,Csv/Rige Body/Table Tennis_01_007.csv,0.09039,1.32498,0.06311,0.00,6.75,body_local_swing_backhand
175,Table_Tennis_01_007_TennisBats02_78p50_80p50_Skeleton002,backhand,1.0000,TennisBats02,Csv/Rige Body/Table Tennis_01_007.csv,0.22447,0.51315,0.02660,0.00,4.00,body_local_swing_backhand
176,Table_Tennis_01_007_TennisBats02_79p73_81p73_Skeleton002,backhand,0.9000,TennisBats02,Csv/Rige Body/Table Tennis_01_007.csv,0.10955,0.43623,0.00638,0.00,2.75,body_local_swing_backhand
177,Table_Tennis_01_007_TennisBats02_87p11_89p11_Skeleton002,backhand,1.0000,TennisBats02,Csv/Rige Body/Table Tennis_01_007.csv,0.04054,0.80006,0.02426,0.00,4.75,body_local_swing_backhand
178,Table_Tennis_01_007_TennisBats02_89p86_91p86_Skeleton002,unknown,0.0000,TennisBats02,Csv/Rige Body/Table Tennis_01_007.csv,0.10335,0.06620,-0.00843,0.00,0.75,weak_motion_evidence
179,Table_Tennis_01_008_TennisBats01_100p74_102p74_Skeleton001,forehand,1.0000,TennisBats01,Csv/Rige Body/Table Tennis_01_008.csv,0.41362,-1.53469,-0.10523,6.75,0.00,body_local_swing_forehand
180,Table_Tennis_01_008_TennisBats01_109p55_111p55_Skeleton001,forehand,1.0000,TennisBats01,Csv/Rige Body/Table Tennis_01_008.csv,0.41282,-1.18470,-0.08859,6.75,0.00,body_local_swing_forehand
181,Table_Tennis_01_008_TennisBats01_110p85_112p85_Skeleton001,forehand,1.0000,TennisBats01,Csv/Rige Body/Table Tennis_01_008.csv,0.41755,-0.64550,-0.03717,4.75,0.00,body_local_swing_forehand
182,Table_Tennis_01_008_TennisBats01_112p08_114p08_Skeleton001,forehand,1.0000,TennisBats01,Csv/Rige Body/Table Tennis_01_008.csv,0.31473,-1.86041,-0.12394,6.00,0.00,body_local_swing_forehand
183,Table_Tennis_01_008_TennisBats01_118p94_120p94_Skeleton001,forehand,1.0000,TennisBats01,Csv/Rige Body/Table Tennis_01_008.csv,0.41273,-1.31244,-0.07784,6.75,0.00,body_local_swing_forehand
184,Table_Tennis_01_008_TennisBats01_121p35_123p35_Skeleton001,forehand,1.0000,TennisBats01,Csv/Rige Body/Table Tennis_01_008.csv,0.41950,-1.70928,-0.11658,6.75,0.00,body_local_swing_forehand
185,Table_Tennis_01_008_TennisBats01_15p38_17p38_Skeleton001,forehand,1.0000,TennisBats01,Csv/Rige Body/Table Tennis_01_008.csv,0.20330,-2.21544,-0.16941,6.00,0.00,body_local_swing_forehand
186,Table_Tennis_01_008_TennisBats01_16p89_18p89_Skeleton001,forehand,1.0000,TennisBats01,Csv/Rige Body/Table Tennis_01_008.csv,0.30827,-1.36880,-0.06890,6.00,0.00,body_local_swing_forehand
187,Table_Tennis_01_008_TennisBats01_26p40_28p40_Skeleton001,forehand,1.0000,TennisBats01,Csv/Rige Body/Table Tennis_01_008.csv,0.48575,-0.76982,-0.05391,5.75,0.00,body_local_swing_forehand
188,Table_Tennis_01_008_TennisBats01_28p76_30p76_Skeleton001,unknown,0.0000,TennisBats01,Csv/Rige Body/Table Tennis_01_008.csv,0.68709,-0.19629,0.01052,1.75,0.00,weak_motion_evidence
189,Table_Tennis_01_008_TennisBats01_34p40_36p40_Skeleton001,forehand,1.0000,TennisBats01,Csv/Rige Body/Table Tennis_01_008.csv,0.22291,-2.10398,-0.16262,6.00,0.00,body_local_swing_forehand
190,Table_Tennis_01_008_TennisBats01_35p84_37p84_Skeleton001,forehand,1.0000,TennisBats01,Csv/Rige Body/Table Tennis_01_008.csv,0.41323,-1.18283,-0.08233,6.75,0.00,body_local_swing_forehand
191,Table_Tennis_01_008_TennisBats01_39p36_41p36_Skeleton001,forehand,1.0000,TennisBats01,Csv/Rige Body/Table Tennis_01_008.csv,0.43066,-1.93202,-0.12568,6.75,0.00,body_local_swing_forehand
192,Table_Tennis_01_008_TennisBats01_40p66_42p66_Skeleton001,forehand,1.0000,TennisBats01,Csv/Rige Body/Table Tennis_01_008.csv,0.34431,-1.24164,-0.06119,6.75,0.00,body_local_swing_forehand
193,Table_Tennis_01_008_TennisBats01_48p43_50p43_Skeleton001,forehand,1.0000,TennisBats01,Csv/Rige Body/Table Tennis_01_008.csv,0.40872,-2.29880,-0.13635,6.75,0.00,body_local_swing_forehand
194,Table_Tennis_01_008_TennisBats01_55p71_57p71_Skeleton001,forehand,1.0000,TennisBats01,Csv/Rige Body/Table Tennis_01_008.csv,0.19807,-2.36772,-0.18239,6.00,0.00,body_local_swing_forehand
195,Table_Tennis_01_008_TennisBats01_57p16_59p16_Skeleton001,forehand,1.0000,TennisBats01,Csv/Rige Body/Table Tennis_01_008.csv,0.44390,-0.73232,-0.04309,5.75,0.00,body_local_swing_forehand
196,Table_Tennis_01_008_TennisBats01_59p56_61p56_Skeleton001,forehand,1.0000,TennisBats01,Csv/Rige Body/Table Tennis_01_008.csv,0.52256,-0.78264,-0.02777,5.75,0.00,body_local_swing_forehand
197,Table_Tennis_01_008_TennisBats01_60p81_62p81_Skeleton001,forehand,1.0000,TennisBats01,Csv/Rige Body/Table Tennis_01_008.csv,0.44432,-1.27561,-0.08092,6.75,0.00,body_local_swing_forehand
198,Table_Tennis_01_008_TennisBats01_63p14_65p14_Skeleton001,forehand,1.0000,TennisBats01,Csv/Rige Body/Table Tennis_01_008.csv,0.39523,-1.80707,-0.12030,6.75,0.00,body_local_swing_forehand
199,Table_Tennis_01_008_TennisBats01_64p39_66p39_Skeleton001,forehand,1.0000,TennisBats01,Csv/Rige Body/Table Tennis_01_008.csv,0.25703,-2.12042,-0.12111,6.00,0.00,body_local_swing_forehand
200,Table_Tennis_01_008_TennisBats01_6p86_8p86_Skeleton001,forehand,1.0000,TennisBats01,Csv/Rige Body/Table Tennis_01_008.csv,0.47518,-0.87181,-0.06142,6.75,0.00,body_local_swing_forehand
201,Table_Tennis_01_008_TennisBats01_71p63_73p63_Skeleton001,forehand,1.0000,TennisBats01,Csv/Rige Body/Table Tennis_01_008.csv,0.38966,-1.30782,-0.09505,6.75,0.00,body_local_swing_forehand
202,Table_Tennis_01_008_TennisBats01_81p44_83p44_Skeleton001,forehand,1.0000,TennisBats01,Csv/Rige Body/Table Tennis_01_008.csv,0.50521,-2.07744,-0.12239,6.75,0.00,body_local_swing_forehand
203,Table_Tennis_01_008_TennisBats01_82p68_84p68_Skeleton001,forehand,1.0000,TennisBats01,Csv/Rige Body/Table Tennis_01_008.csv,0.61991,-2.37721,-0.15354,6.75,0.00,body_local_swing_forehand
204,Table_Tennis_01_008_TennisBats01_84p01_86p01_Skeleton001,backhand,1.0000,TennisBats01,Csv/Rige Body/Table Tennis_01_008.csv,0.65370,0.64485,0.08073,0.75,5.00,body_local_swing_backhand
205,Table_Tennis_01_008_TennisBats01_89p99_91p99_Skeleton001,forehand,1.0000,TennisBats01,Csv/Rige Body/Table Tennis_01_008.csv,0.36383,-1.80405,-0.11125,6.75,0.00,body_local_swing_forehand
206,Table_Tennis_01_008_TennisBats01_8p18_10p18_Skeleton001,forehand,1.0000,TennisBats01,Csv/Rige Body/Table Tennis_01_008.csv,0.45111,-1.74666,-0.12222,6.75,0.00,body_local_swing_forehand
207,Table_Tennis_01_008_TennisBats01_92p49_94p49_Skeleton001,forehand,1.0000,TennisBats01,Csv/Rige Body/Table Tennis_01_008.csv,0.33510,-2.03550,-0.12294,6.75,0.00,body_local_swing_forehand
208,Table_Tennis_01_008_TennisBats01_99p52_101p52_Skeleton001,forehand,1.0000,TennisBats01,Csv/Rige Body/Table Tennis_01_008.csv,0.44152,-1.12922,-0.07336,6.75,0.00,body_local_swing_forehand
209,Table_Tennis_01_008_TennisBats02_100p13_102p13_Skeleton002,backhand,1.0000,TennisBats02,Csv/Rige Body/Table Tennis_01_008.csv,0.28007,1.11180,0.07920,0.00,6.00,body_local_swing_backhand
210,Table_Tennis_01_008_TennisBats02_108p65_110p65_Skeleton002,unknown,0.3500,TennisBats02,Csv/Rige Body/Table Tennis_01_008.csv,-0.01757,0.60975,-0.01670,1.00,2.75,ambiguous_body_local_swing
211,Table_Tennis_01_008_TennisBats02_110p20_112p20_Skeleton002,backhand,1.0000,TennisBats02,Csv/Rige Body/Table Tennis_01_008.csv,0.09031,0.82921,0.03914,0.00,5.75,body_local_swing_backhand
212,Table_Tennis_01_008_TennisBats02_111p44_113p44_Skeleton002,backhand,1.0000,TennisBats02,Csv/Rige Body/Table Tennis_01_008.csv,0.19278,0.67917,0.03895,0.00,5.00,body_local_swing_backhand
213,Table_Tennis_01_008_TennisBats02_112p65_114p65_Skeleton002,backhand,1.0000,TennisBats02,Csv/Rige Body/Table Tennis_01_008.csv,0.19440,0.75630,0.04795,0.00,5.00,body_local_swing_backhand
214,Table_Tennis_01_008_TennisBats02_118p31_120p31_Skeleton002,backhand,1.0000,TennisBats02,Csv/Rige Body/Table Tennis_01_008.csv,0.16372,0.70667,0.05238,0.00,5.00,body_local_swing_backhand
215,Table_Tennis_01_008_TennisBats02_120p70_122p70_Skeleton002,backhand,0.9500,TennisBats02,Csv/Rige Body/Table Tennis_01_008.csv,0.23248,0.38893,0.01872,0.00,3.00,body_local_swing_backhand
216,Table_Tennis_01_008_TennisBats02_16p23_18p23_Skeleton002,backhand,1.0000,TennisBats02,Csv/Rige Body/Table Tennis_01_008.csv,0.22215,0.39861,0.05757,0.00,4.00,body_local_swing_backhand
217,Table_Tennis_01_008_TennisBats02_17p46_19p46_Skeleton002,unknown,0.0000,TennisBats02,Csv/Rige Body/Table Tennis_01_008.csv,0.28567,-0.19695,-0.00528,1.00,0.00,weak_motion_evidence
218,Table_Tennis_01_008_TennisBats02_28p03_30p03_Skeleton002,unknown,0.0000,TennisBats02,Csv/Rige Body/Table Tennis_01_008.csv,0.05909,0.05119,-0.01368,1.00,0.75,weak_motion_evidence
219,Table_Tennis_01_008_TennisBats02_35p19_37p19_Skeleton002,backhand,1.0000,TennisBats02,Csv/Rige Body/Table Tennis_01_008.csv,0.10631,0.79851,0.04848,0.00,5.75,body_local_swing_backhand
220,Table_Tennis_01_008_TennisBats02_36p40_38p40_Skeleton002,unknown,0.0000,TennisBats02,Csv/Rige Body/Table Tennis_01_008.csv,0.17656,0.24006,0.01072,0.00,1.00,weak_motion_evidence
221,Table_Tennis_01_008_TennisBats02_38p74_40p74_Skeleton002,backhand,0.9000,TennisBats02,Csv/Rige Body/Table Tennis_01_008.csv,0.13601,0.59288,0.00915,0.00,2.75,body_local_swing_backhand
222,Table_Tennis_01_008_TennisBats02_48p97_50p97_Skeleton002,backhand,1.0000,TennisBats02,Csv/Rige Body/Table Tennis_01_008.csv,0.22161,0.69801,0.05014,0.00,5.00,body_local_swing_backhand
223,Table_Tennis_01_008_TennisBats02_56p52_58p52_Skeleton002,backhand,1.0000,TennisBats02,Csv/Rige Body/Table Tennis_01_008.csv,0.18383,0.30526,0.04831,0.00,4.00,body_local_swing_backhand
224,Table_Tennis_01_008_TennisBats02_58p93_60p93_Skeleton002,backhand,1.0000,TennisBats02,Csv/Rige Body/Table Tennis_01_008.csv,0.26363,0.50234,0.07251,0.00,5.00,body_local_swing_backhand
225,Table_Tennis_01_008_TennisBats02_61p34_63p34_Skeleton002,backhand,1.0000,TennisBats02,Csv/Rige Body/Table Tennis_01_008.csv,0.17366,0.50874,0.03147,0.00,4.00,body_local_swing_backhand
226,Table_Tennis_01_008_TennisBats02_63p74_65p74_Skeleton002,backhand,1.0000,TennisBats02,Csv/Rige Body/Table Tennis_01_008.csv,0.28385,0.87105,0.10003,0.00,6.00,body_local_swing_backhand
227,Table_Tennis_01_008_TennisBats02_64p94_66p94_Skeleton002,unknown,0.0000,TennisBats02,Csv/Rige Body/Table Tennis_01_008.csv,0.24533,0.22281,-0.01057,0.00,1.00,weak_motion_evidence
228,Table_Tennis_01_008_TennisBats02_72p21_74p21_Skeleton002,backhand,1.0000,TennisBats02,Csv/Rige Body/Table Tennis_01_008.csv,0.02133,1.04990,0.03758,0.00,5.75,body_local_swing_backhand
229,Table_Tennis_01_008_TennisBats02_79p61_81p61_Skeleton002,backhand,1.0000,TennisBats02,Csv/Rige Body/Table Tennis_01_008.csv,0.20315,0.89201,0.07155,0.00,6.00,body_local_swing_backhand
230,Table_Tennis_01_008_TennisBats02_7p43_9p43_Skeleton002,unknown,0.0000,TennisBats02,Csv/Rige Body/Table Tennis_01_008.csv,0.15225,0.26988,0.00960,0.00,1.75,weak_motion_evidence
231,Table_Tennis_01_008_TennisBats02_82p00_84p00_Skeleton002,backhand,0.9000,TennisBats02,Csv/Rige Body/Table Tennis_01_008.csv,0.11163,0.55646,0.01101,0.00,2.75,body_local_swing_backhand
232,Table_Tennis_01_008_TennisBats02_83p29_85p29_Skeleton002,backhand,0.9500,TennisBats02,Csv/Rige Body/Table Tennis_01_008.csv,0.16998,0.35891,0.02289,0.00,3.00,body_local_swing_backhand
233,Table_Tennis_01_008_TennisBats02_84p86_86p86_Skeleton002,backhand,1.0000,TennisBats02,Csv/Rige Body/Table Tennis_01_008.csv,0.21133,1.71849,0.11759,0.00,6.00,body_local_swing_backhand
234,Table_Tennis_01_008_TennisBats02_8p69_10p69_Skeleton002,backhand,0.9000,TennisBats02,Csv/Rige Body/Table Tennis_01_008.csv,0.12687,0.30868,0.00566,0.00,2.75,body_local_swing_backhand
235,Table_Tennis_01_008_TennisBats02_90p71_92p71_Skeleton002,backhand,1.0000,TennisBats02,Csv/Rige Body/Table Tennis_01_008.csv,0.16591,1.18996,0.09635,0.00,6.00,body_local_swing_backhand
236,Table_Tennis_01_008_TennisBats02_9p93_11p93_Skeleton002,unknown,0.0000,TennisBats02,Csv/Rige Body/Table Tennis_01_008.csv,0.19295,0.11468,-0.00763,0.00,0.00,weak_motion_evidence
237,Table_Tennis_01_009_TennisBats01_0p62_2p62_Skeleton001,forehand,1.0000,TennisBats01,Csv/Rige Body/Table Tennis_01_009.csv,0.38096,-1.11677,-0.08083,6.75,0.00,body_local_swing_forehand
238,Table_Tennis_01_009_TennisBats01_101p17_103p17_Skeleton001,forehand,1.0000,TennisBats01,Csv/Rige Body/Table Tennis_01_009.csv,0.40902,-0.85328,-0.06123,6.75,0.00,body_local_swing_forehand
239,Table_Tennis_01_009_TennisBats01_102p45_104p45_Skeleton001,forehand,1.0000,TennisBats01,Csv/Rige Body/Table Tennis_01_009.csv,0.41537,-0.86998,-0.05058,5.75,0.00,body_local_swing_forehand
240,Table_Tennis_01_009_TennisBats01_103p67_105p67_Skeleton001,forehand,1.0000,TennisBats01,Csv/Rige Body/Table Tennis_01_009.csv,0.42630,-0.54479,-0.02020,3.75,0.00,body_local_swing_forehand
241,Table_Tennis_01_009_TennisBats01_106p21_108p21_Skeleton001,forehand,1.0000,TennisBats01,Csv/Rige Body/Table Tennis_01_009.csv,0.61226,-1.13516,-0.08474,6.75,0.00,body_local_swing_forehand
242,Table_Tennis_01_009_TennisBats01_107p61_109p61_Skeleton001,forehand,1.0000,TennisBats01,Csv/Rige Body/Table Tennis_01_009.csv,0.43842,-0.76878,-0.04416,5.75,0.00,body_local_swing_forehand
243,Table_Tennis_01_009_TennisBats01_108p84_110p84_Skeleton001,forehand,1.0000,TennisBats01,Csv/Rige Body/Table Tennis_01_009.csv,0.38320,-1.06756,-0.07470,6.75,0.00,body_local_swing_forehand
244,Table_Tennis_01_009_TennisBats01_110p15_112p15_Skeleton001,forehand,1.0000,TennisBats01,Csv/Rige Body/Table Tennis_01_009.csv,0.49996,-1.90029,-0.13513,6.75,0.00,body_local_swing_forehand
245,Table_Tennis_01_009_TennisBats01_111p41_113p41_Skeleton001,forehand,1.0000,TennisBats01,Csv/Rige Body/Table Tennis_01_009.csv,0.28280,-2.19532,-0.14680,6.00,0.00,body_local_swing_forehand
246,Table_Tennis_01_009_TennisBats01_112p68_114p68_Skeleton001,forehand,1.0000,TennisBats01,Csv/Rige Body/Table Tennis_01_009.csv,0.43967,-1.11689,-0.06141,6.75,0.00,body_local_swing_forehand
247,Table_Tennis_01_009_TennisBats01_113p96_115p96_Skeleton001,unknown,0.0000,TennisBats01,Csv/Rige Body/Table Tennis_01_009.csv,0.59141,-0.17209,0.00693,1.75,0.00,weak_motion_evidence
248,Table_Tennis_01_009_TennisBats01_115p23_117p23_Skeleton001,forehand,1.0000,TennisBats01,Csv/Rige Body/Table Tennis_01_009.csv,0.10149,-0.59996,-0.04001,4.00,0.75,body_local_swing_forehand
249,Table_Tennis_01_009_TennisBats01_116p47_118p47_Skeleton001,forehand,1.0000,TennisBats01,Csv/Rige Body/Table Tennis_01_009.csv,0.13678,-0.78394,-0.07390,6.00,0.75,body_local_swing_forehand
250,Table_Tennis_01_009_TennisBats01_120p33_122p33_Skeleton001,forehand,1.0000,TennisBats01,Csv/Rige Body/Table Tennis_01_009.csv,0.16584,-2.18681,-0.19153,6.00,0.00,body_local_swing_forehand
251,Table_Tennis_01_009_TennisBats01_121p89_123p89_Skeleton001,forehand,1.0000,TennisBats01,Csv/Rige Body/Table Tennis_01_009.csv,0.47389,-2.01523,-0.13476,6.75,0.00,body_local_swing_forehand
252,Table_Tennis_01_009_TennisBats01_125p26_127p26_Skeleton001,forehand,1.0000,TennisBats01,Csv/Rige Body/Table Tennis_01_009.csv,0.20361,-2.30727,-0.17850,6.00,0.00,body_local_swing_forehand
253,Table_Tennis_01_009_TennisBats01_126p77_128p77_Skeleton001,forehand,1.0000,TennisBats01,Csv/Rige Body/Table Tennis_01_009.csv,0.29264,-1.90134,-0.12991,6.00,0.00,body_local_swing_forehand
254,Table_Tennis_01_009_TennisBats01_128p04_130p04_Skeleton001,forehand,1.0000,TennisBats01,Csv/Rige Body/Table Tennis_01_009.csv,0.42482,-1.44988,-0.09690,6.75,0.00,body_local_swing_forehand
255,Table_Tennis_01_009_TennisBats01_12p92_14p92_Skeleton001,forehand,1.0000,TennisBats01,Csv/Rige Body/Table Tennis_01_009.csv,0.38236,-1.48110,-0.09610,6.75,0.00,body_local_swing_forehand
256,Table_Tennis_01_009_TennisBats01_130p50_132p50_Skeleton001,forehand,1.0000,TennisBats01,Csv/Rige Body/Table Tennis_01_009.csv,0.27386,-1.99373,-0.11862,6.00,0.00,body_local_swing_forehand
257,Table_Tennis_01_009_TennisBats01_131p81_133p81_Skeleton001,forehand,1.0000,TennisBats01,Csv/Rige Body/Table Tennis_01_009.csv,0.40668,-0.92384,-0.06191,6.75,0.00,body_local_swing_forehand
258,Table_Tennis_01_009_TennisBats01_133p11_135p11_Skeleton001,forehand,1.0000,TennisBats01,Csv/Rige Body/Table Tennis_01_009.csv,0.30959,-1.34924,-0.07564,6.00,0.00,body_local_swing_forehand
259,Table_Tennis_01_009_TennisBats01_134p62_136p62_Skeleton001,backhand,1.0000,TennisBats01,Csv/Rige Body/Table Tennis_01_009.csv,0.75780,1.26237,0.03909,0.75,5.00,body_local_swing_backhand
260,Table_Tennis_01_009_TennisBats01_135p91_137p91_Skeleton001,unknown,0.0000,TennisBats01,Csv/Rige Body/Table Tennis_01_009.csv,0.18696,-0.07122,0.00586,0.00,0.00,weak_motion_evidence
261,Table_Tennis_01_009_TennisBats01_137p32_139p32_Skeleton001,forehand,1.0000,TennisBats01,Csv/Rige Body/Table Tennis_01_009.csv,0.47672,-0.43770,-0.03986,4.75,0.00,body_local_swing_forehand
262,Table_Tennis_01_009_TennisBats01_138p81_140p81_Skeleton001,forehand,1.0000,TennisBats01,Csv/Rige Body/Table Tennis_01_009.csv,0.51248,-1.13349,-0.07005,6.75,0.00,body_local_swing_forehand
263,Table_Tennis_01_009_TennisBats01_14p16_16p16_Skeleton001,forehand,1.0000,TennisBats01,Csv/Rige Body/Table Tennis_01_009.csv,0.38194,-2.04226,-0.13418,6.75,0.00,body_local_swing_forehand
264,Table_Tennis_01_009_TennisBats01_15p43_17p43_Skeleton001,forehand,1.0000,TennisBats01,Csv/Rige Body/Table Tennis_01_009.csv,0.36163,-2.25507,-0.13201,6.75,0.00,body_local_swing_forehand
265,Table_Tennis_01_009_TennisBats01_16p78_18p78_Skeleton001,forehand,1.0000,TennisBats01,Csv/Rige Body/Table Tennis_01_009.csv,0.70079,-1.00518,-0.04146,5.75,0.00,body_local_swing_forehand
266,Table_Tennis_01_009_TennisBats01_18p25_20p25_Skeleton001,forehand,1.0000,TennisBats01,Csv/Rige Body/Table Tennis_01_009.csv,0.31130,-1.55689,-0.06099,6.00,0.00,body_local_swing_forehand
267,Table_Tennis_01_009_TennisBats01_19p53_21p53_Skeleton001,backhand,1.0000,TennisBats01,Csv/Rige Body/Table Tennis_01_009.csv,0.32624,0.68210,0.06950,0.75,6.00,body_local_swing_backhand
268,Table_Tennis_01_009_TennisBats01_1p90_3p90_Skeleton001,forehand,1.0000,TennisBats01,Csv/Rige Body/Table Tennis_01_009.csv,0.53548,-0.89031,-0.06158,6.75,0.00,body_local_swing_forehand
269,Table_Tennis_01_009_TennisBats01_22p46_24p46_Skeleton001,forehand,1.0000,TennisBats01,Csv/Rige Body/Table Tennis_01_009.csv,0.21443,-2.35722,-0.19032,6.00,0.00,body_local_swing_forehand
270,Table_Tennis_01_009_TennisBats01_23p93_25p93_Skeleton001,forehand,1.0000,TennisBats01,Csv/Rige Body/Table Tennis_01_009.csv,0.40435,-1.41150,-0.07209,6.75,0.00,body_local_swing_forehand
271,Table_Tennis_01_009_TennisBats01_25p17_27p17_Skeleton001,forehand,1.0000,TennisBats01,Csv/Rige Body/Table Tennis_01_009.csv,0.37835,-2.28334,-0.15895,6.75,0.00,body_local_swing_forehand
272,Table_Tennis_01_009_TennisBats01_26p39_28p39_Skeleton001,forehand,1.0000,TennisBats01,Csv/Rige Body/Table Tennis_01_009.csv,0.04684,-0.99760,-0.06348,6.00,0.75,body_local_swing_forehand
273,Table_Tennis_01_009_TennisBats01_27p77_29p77_Skeleton001,forehand,1.0000,TennisBats01,Csv/Rige Body/Table Tennis_01_009.csv,0.27652,-2.17772,-0.11229,6.00,0.00,body_local_swing_forehand
274,Table_Tennis_01_009_TennisBats01_29p00_31p00_Skeleton001,forehand,1.0000,TennisBats01,Csv/Rige Body/Table Tennis_01_009.csv,0.54167,-2.39511,-0.13593,6.75,0.00,body_local_swing_forehand
275,Table_Tennis_01_009_TennisBats01_30p21_32p21_Skeleton001,forehand,1.0000,TennisBats01,Csv/Rige Body/Table Tennis_01_009.csv,0.45989,-1.73974,-0.09854,6.75,0.00,body_local_swing_forehand
276,Table_Tennis_01_009_TennisBats01_37p05_39p05_Skeleton001,forehand,1.0000,TennisBats01,Csv/Rige Body/Table Tennis_01_009.csv,0.10803,-0.56087,-0.05689,4.00,0.75,body_local_swing_forehand
277,Table_Tennis_01_009_TennisBats01_38p29_40p29_Skeleton001,forehand,1.0000,TennisBats01,Csv/Rige Body/Table Tennis_01_009.csv,0.21884,-2.06018,-0.08815,6.00,0.00,body_local_swing_forehand
278,Table_Tennis_01_009_TennisBats01_3p20_5p20_Skeleton001,forehand,1.0000,TennisBats01,Csv/Rige Body/Table Tennis_01_009.csv,0.38313,-1.46474,-0.06620,6.75,0.00,body_local_swing_forehand
279,Table_Tennis_01_009_TennisBats01_40p73_42p73_Skeleton001,forehand,1.0000,TennisBats01,Csv/Rige Body/Table Tennis_01_009.csv,0.49893,-1.47230,-0.10586,6.75,0.00,body_local_swing_forehand
280,Table_Tennis_01_009_TennisBats01_43p05_45p05_Skeleton001,forehand,1.0000,TennisBats01,Csv/Rige Body/Table Tennis_01_009.csv,0.45804,-1.93673,-0.13709,6.75,0.00,body_local_swing_forehand
281,Table_Tennis_01_009_TennisBats01_4p46_6p46_Skeleton001,forehand,1.0000,TennisBats01,Csv/Rige Body/Table Tennis_01_009.csv,0.44348,-1.44814,-0.07465,6.75,0.00,body_local_swing_forehand
282,Table_Tennis_01_009_TennisBats01_51p39_53p39_Skeleton001,forehand,1.0000,TennisBats01,Csv/Rige Body/Table Tennis_01_009.csv,0.44918,-0.81639,-0.04727,5.75,0.00,body_local_swing_forehand
283,Table_Tennis_01_009_TennisBats01_58p98_60p98_Skeleton001,forehand,1.0000,TennisBats01,Csv/Rige Body/Table Tennis_01_009.csv,0.60426,-1.24802,-0.06265,6.75,0.00,body_local_swing_forehand
284,Table_Tennis_01_009_TennisBats01_61p33_63p33_Skeleton001,forehand,1.0000,TennisBats01,Csv/Rige Body/Table Tennis_01_009.csv,0.52460,-1.11298,-0.08309,6.75,0.00,body_local_swing_forehand
285,Table_Tennis_01_009_TennisBats01_63p68_65p68_Skeleton001,forehand,1.0000,TennisBats01,Csv/Rige Body/Table Tennis_01_009.csv,0.55739,-1.42594,-0.09153,6.75,0.00,body_local_swing_forehand
286,Table_Tennis_01_009_TennisBats01_64p89_66p89_Skeleton001,forehand,1.0000,TennisBats01,Csv/Rige Body/Table Tennis_01_009.csv,0.55762,-1.34226,-0.08394,6.75,0.00,body_local_swing_forehand
287,Table_Tennis_01_009_TennisBats01_68p42_70p42_Skeleton001,forehand,1.0000,TennisBats01,Csv/Rige Body/Table Tennis_01_009.csv,0.48373,-0.75748,-0.04733,5.75,0.00,body_local_swing_forehand
288,Table_Tennis_01_009_TennisBats01_69p91_71p91_Skeleton001,backhand,1.0000,TennisBats01,Csv/Rige Body/Table Tennis_01_009.csv,0.65781,0.41118,0.04050,0.75,4.00,body_local_swing_backhand
289,Table_Tennis_01_009_TennisBats01_6p81_8p81_Skeleton001,forehand,1.0000,TennisBats01,Csv/Rige Body/Table Tennis_01_009.csv,0.50307,-1.96434,-0.13079,6.75,0.00,body_local_swing_forehand
290,Table_Tennis_01_009_TennisBats01_78p36_80p36_Skeleton001,forehand,1.0000,TennisBats01,Csv/Rige Body/Table Tennis_01_009.csv,0.39411,-1.35254,-0.09820,6.75,0.00,body_local_swing_forehand
291,Table_Tennis_01_009_TennisBats01_80p81_82p81_Skeleton001,forehand,1.0000,TennisBats01,Csv/Rige Body/Table Tennis_01_009.csv,0.50091,-1.56752,-0.10103,6.75,0.00,body_local_swing_forehand
292,Table_Tennis_01_009_TennisBats01_82p02_84p02_Skeleton001,forehand,1.0000,TennisBats01,Csv/Rige Body/Table Tennis_01_009.csv,0.31384,-1.62720,-0.09633,6.00,0.00,body_local_swing_forehand
293,Table_Tennis_01_009_TennisBats01_83p39_85p39_Skeleton001,forehand,1.0000,TennisBats01,Csv/Rige Body/Table Tennis_01_009.csv,0.46404,-0.78472,-0.05250,5.75,0.00,body_local_swing_forehand
294,Table_Tennis_01_009_TennisBats01_84p64_86p64_Skeleton001,forehand,1.0000,TennisBats01,Csv/Rige Body/Table Tennis_01_009.csv,0.59399,-1.31934,-0.06689,6.75,0.00,body_local_swing_forehand
295,Table_Tennis_01_009_TennisBats01_85p92_87p92_Skeleton001,forehand,1.0000,TennisBats01,Csv/Rige Body/Table Tennis_01_009.csv,0.62730,-1.52686,-0.07103,6.75,0.00,body_local_swing_forehand
296,Table_Tennis_01_009_TennisBats01_87p17_89p17_Skeleton001,forehand,1.0000,TennisBats01,Csv/Rige Body/Table Tennis_01_009.csv,0.61318,-1.31567,-0.09794,6.75,0.00,body_local_swing_forehand
297,Table_Tennis_01_009_TennisBats01_92p59_94p59_Skeleton001,forehand,1.0000,TennisBats01,Csv/Rige Body/Table Tennis_01_009.csv,0.43022,-1.58273,-0.11138,6.75,0.00,body_local_swing_forehand
298,Table_Tennis_01_009_TennisBats01_94p06_96p06_Skeleton001,forehand,1.0000,TennisBats01,Csv/Rige Body/Table Tennis_01_009.csv,0.36075,-1.54348,-0.10548,6.75,0.00,body_local_swing_forehand
299,Table_Tennis_01_009_TennisBats02_100p26_102p26_Skeleton002,backhand,1.0000,TennisBats02,Csv/Rige Body/Table Tennis_01_009.csv,0.10988,1.36538,0.08741,0.00,6.75,body_local_swing_backhand
300,Table_Tennis_01_009_TennisBats02_101p77_103p77_Skeleton002,unknown,0.0000,TennisBats02,Csv/Rige Body/Table Tennis_01_009.csv,0.15776,0.19162,-0.00138,0.00,1.75,weak_motion_evidence
301,Table_Tennis_01_009_TennisBats02_104p26_106p26_Skeleton002,backhand,1.0000,TennisBats02,Csv/Rige Body/Table Tennis_01_009.csv,0.19243,0.53314,0.02607,0.00,4.00,body_local_swing_backhand
302,Table_Tennis_01_009_TennisBats02_105p58_107p58_Skeleton002,forehand,1.0000,TennisBats02,Csv/Rige Body/Table Tennis_01_009.csv,0.50440,-1.44348,-0.05271,5.75,0.00,body_local_swing_forehand
303,Table_Tennis_01_009_TennisBats02_108p16_110p16_Skeleton002,backhand,0.9000,TennisBats02,Csv/Rige Body/Table Tennis_01_009.csv,0.10671,0.30192,0.00393,0.00,2.75,body_local_swing_backhand
304,Table_Tennis_01_009_TennisBats02_109p49_111p49_Skeleton002,backhand,1.0000,TennisBats02,Csv/Rige Body/Table Tennis_01_009.csv,0.22522,0.86007,0.02592,0.00,5.00,body_local_swing_backhand
305,Table_Tennis_01_009_TennisBats02_110p69_112p69_Skeleton002,backhand,1.0000,TennisBats02,Csv/Rige Body/Table Tennis_01_009.csv,0.10198,0.56838,0.01531,0.00,3.75,body_local_swing_backhand
306,Table_Tennis_01_009_TennisBats02_112p00_114p00_Skeleton002,backhand,0.9500,TennisBats02,Csv/Rige Body/Table Tennis_01_009.csv,0.17489,0.15170,0.02870,0.00,3.00,body_local_swing_backhand
307,Table_Tennis_01_009_TennisBats02_113p24_115p24_Skeleton002,backhand,0.9000,TennisBats02,Csv/Rige Body/Table Tennis_01_009.csv,0.03328,0.59133,0.01037,0.00,2.75,body_local_swing_backhand
308,Table_Tennis_01_009_TennisBats02_114p59_116p59_Skeleton002,backhand,1.0000,TennisBats02,Csv/Rige Body/Table Tennis_01_009.csv,0.23478,1.21682,0.08993,0.00,6.00,body_local_swing_backhand
309,Table_Tennis_01_009_TennisBats02_115p81_117p81_Skeleton002,backhand,1.0000,TennisBats02,Csv/Rige Body/Table Tennis_01_009.csv,0.14690,0.55020,0.02098,0.00,3.75,body_local_swing_backhand
310,Table_Tennis_01_009_TennisBats02_121p22_123p22_Skeleton002,backhand,1.0000,TennisBats02,Csv/Rige Body/Table Tennis_01_009.csv,0.21751,0.73519,0.06220,0.00,6.00,body_local_swing_backhand
311,Table_Tennis_01_009_TennisBats02_126p12_128p12_Skeleton002,backhand,1.0000,TennisBats02,Csv/Rige Body/Table Tennis_01_009.csv,0.23470,1.01862,0.08380,0.00,6.00,body_local_swing_backhand
312,Table_Tennis_01_009_TennisBats02_127p39_129p39_Skeleton002,backhand,0.7500,TennisBats02,Csv/Rige Body/Table Tennis_01_009.csv,0.20986,0.50600,0.00850,0.00,2.00,body_local_swing_backhand
313,Table_Tennis_01_009_TennisBats02_129p76_131p76_Skeleton002,backhand,1.0000,TennisBats02,Csv/Rige Body/Table Tennis_01_009.csv,0.19262,0.78626,0.02207,0.00,4.00,body_local_swing_backhand
314,Table_Tennis_01_009_TennisBats02_131p14_133p14_Skeleton002,unknown,0.0000,TennisBats02,Csv/Rige Body/Table Tennis_01_009.csv,0.25270,0.21446,-0.00523,0.00,1.00,weak_motion_evidence
315,Table_Tennis_01_009_TennisBats02_132p36_134p36_Skeleton002,backhand,1.0000,TennisBats02,Csv/Rige Body/Table Tennis_01_009.csv,0.17381,0.45014,0.02769,0.00,4.00,body_local_swing_backhand
316,Table_Tennis_01_009_TennisBats02_133p72_135p72_Skeleton002,backhand,0.9000,TennisBats02,Csv/Rige Body/Table Tennis_01_009.csv,0.10493,0.31940,-0.00060,0.00,2.75,body_local_swing_backhand
317,Table_Tennis_01_009_TennisBats02_135p34_137p34_Skeleton002,backhand,1.0000,TennisBats02,Csv/Rige Body/Table Tennis_01_009.csv,0.28822,0.86887,0.02994,0.00,5.00,body_local_swing_backhand
318,Table_Tennis_01_009_TennisBats02_136p69_138p69_Skeleton002,backhand,1.0000,TennisBats02,Csv/Rige Body/Table Tennis_01_009.csv,0.32361,0.88454,0.07552,0.75,6.00,body_local_swing_backhand
319,Table_Tennis_01_009_TennisBats02_138p04_140p04_Skeleton002,backhand,1.0000,TennisBats02,Csv/Rige Body/Table Tennis_01_009.csv,0.05114,1.84530,0.11351,0.00,6.75,body_local_swing_backhand
320,Table_Tennis_01_009_TennisBats02_13p43_15p43_Skeleton002,backhand,0.7500,TennisBats02,Csv/Rige Body/Table Tennis_01_009.csv,0.16340,0.40427,0.00679,0.00,2.00,body_local_swing_backhand
321,Table_Tennis_01_009_TennisBats02_14p70_16p70_Skeleton002,backhand,0.9000,TennisBats02,Csv/Rige Body/Table Tennis_01_009.csv,0.12342,0.28616,0.01210,0.00,2.75,body_local_swing_backhand
322,Table_Tennis_01_009_TennisBats02_15p97_17p97_Skeleton002,backhand,0.9000,TennisBats02,Csv/Rige Body/Table Tennis_01_009.csv,0.11525,0.54158,0.00585,0.00,2.75,body_local_swing_backhand
323,Table_Tennis_01_009_TennisBats02_17p56_19p56_Skeleton002,backhand,1.0000,TennisBats02,Csv/Rige Body/Table Tennis_01_009.csv,0.33681,0.86190,0.05449,0.75,5.00,body_local_swing_backhand
324,Table_Tennis_01_009_TennisBats02_18p85_20p85_Skeleton002,backhand,1.0000,TennisBats02,Csv/Rige Body/Table Tennis_01_009.csv,0.27686,0.35467,0.03072,0.00,4.00,body_local_swing_backhand
325,Table_Tennis_01_009_TennisBats02_23p27_25p27_Skeleton002,backhand,1.0000,TennisBats02,Csv/Rige Body/Table Tennis_01_009.csv,0.06554,1.35979,0.09060,0.00,6.75,body_local_swing_backhand
326,Table_Tennis_01_009_TennisBats02_24p48_26p48_Skeleton002,backhand,0.9000,TennisBats02,Csv/Rige Body/Table Tennis_01_009.csv,0.10147,0.52177,0.00734,0.00,2.75,body_local_swing_backhand
327,Table_Tennis_01_009_TennisBats02_25p75_27p75_Skeleton002,backhand,1.0000,TennisBats02,Csv/Rige Body/Table Tennis_01_009.csv,0.10241,0.86251,0.06334,0.00,6.75,body_local_swing_backhand
328,Table_Tennis_01_009_TennisBats02_27p11_29p11_Skeleton002,backhand,1.0000,TennisBats02,Csv/Rige Body/Table Tennis_01_009.csv,0.32040,1.02415,0.09898,0.75,6.00,body_local_swing_backhand
329,Table_Tennis_01_009_TennisBats02_29p57_31p57_Skeleton002,backhand,0.7500,TennisBats02,Csv/Rige Body/Table Tennis_01_009.csv,0.19914,0.48659,0.00770,0.00,2.00,body_local_swing_backhand
330,Table_Tennis_01_009_TennisBats02_2p45_4p45_Skeleton002,backhand,0.9000,TennisBats02,Csv/Rige Body/Table Tennis_01_009.csv,0.03101,0.36478,0.01095,0.00,2.75,body_local_swing_backhand
331,Table_Tennis_01_009_TennisBats02_37p65_39p65_Skeleton002,backhand,1.0000,TennisBats02,Csv/Rige Body/Table Tennis_01_009.csv,0.28887,1.06096,0.06916,0.00,6.00,body_local_swing_backhand
332,Table_Tennis_01_009_TennisBats02_38p88_40p88_Skeleton002,backhand,1.0000,TennisBats02,Csv/Rige Body/Table Tennis_01_009.csv,0.19092,0.58415,0.03607,0.00,4.00,body_local_swing_backhand
333,Table_Tennis_01_009_TennisBats02_41p25_43p25_Skeleton002,backhand,1.0000,TennisBats02,Csv/Rige Body/Table Tennis_01_009.csv,0.12390,0.73285,0.03874,0.00,5.75,body_local_swing_backhand
334,Table_Tennis_01_009_TennisBats02_43p59_45p59_Skeleton002,backhand,1.0000,TennisBats02,Csv/Rige Body/Table Tennis_01_009.csv,0.28735,0.69027,0.09699,0.00,6.00,body_local_swing_backhand
335,Table_Tennis_01_009_TennisBats02_4p96_6p96_Skeleton002,backhand,0.9000,TennisBats02,Csv/Rige Body/Table Tennis_01_009.csv,0.09398,0.48801,0.01110,0.00,2.75,body_local_swing_backhand
336,Table_Tennis_01_009_TennisBats02_50p72_52p72_Skeleton002,backhand,1.0000,TennisBats02,Csv/Rige Body/Table Tennis_01_009.csv,0.06010,0.55619,0.01553,0.00,3.75,body_local_swing_backhand
337,Table_Tennis_01_009_TennisBats02_59p54_61p54_Skeleton002,backhand,1.0000,TennisBats02,Csv/Rige Body/Table Tennis_01_009.csv,0.18071,0.75583,0.05807,0.00,5.00,body_local_swing_backhand
338,Table_Tennis_01_009_TennisBats02_61p86_63p86_Skeleton002,backhand,1.0000,TennisBats02,Csv/Rige Body/Table Tennis_01_009.csv,0.16320,0.42189,0.03109,0.00,4.00,body_local_swing_backhand
339,Table_Tennis_01_009_TennisBats02_64p21_66p21_Skeleton002,backhand,1.0000,TennisBats02,Csv/Rige Body/Table Tennis_01_009.csv,0.05496,0.48844,0.01501,0.00,3.75,body_local_swing_backhand
340,Table_Tennis_01_009_TennisBats02_69p11_71p11_Skeleton002,unknown,0.0000,TennisBats02,Csv/Rige Body/Table Tennis_01_009.csv,0.17603,0.04289,-0.00200,0.00,0.00,weak_motion_evidence
341,Table_Tennis_01_009_TennisBats02_70p55_72p55_Skeleton002,backhand,1.0000,TennisBats02,Csv/Rige Body/Table Tennis_01_009.csv,0.10664,0.43054,0.01723,0.00,3.75,body_local_swing_backhand
342,Table_Tennis_01_009_TennisBats02_77p43_79p43_Skeleton002,backhand,1.0000,TennisBats02,Csv/Rige Body/Table Tennis_01_009.csv,0.01925,0.85227,0.01075,0.00,3.75,body_local_swing_backhand
343,Table_Tennis_01_009_TennisBats02_78p97_80p97_Skeleton002,backhand,1.0000,TennisBats02,Csv/Rige Body/Table Tennis_01_009.csv,0.13894,0.41991,0.02459,0.00,3.75,body_local_swing_backhand
344,Table_Tennis_01_009_TennisBats02_7p30_9p30_Skeleton002,unknown,0.0000,TennisBats02,Csv/Rige Body/Table Tennis_01_009.csv,0.10720,-0.00500,-0.01340,1.00,0.75,weak_motion_evidence
345,Table_Tennis_01_009_TennisBats02_81p41_83p41_Skeleton002,backhand,1.0000,TennisBats02,Csv/Rige Body/Table Tennis_01_009.csv,0.13686,0.96673,0.06284,0.00,6.75,body_local_swing_backhand
346,Table_Tennis_01_009_TennisBats02_82p78_84p78_Skeleton002,forehand,1.0000,TennisBats02,Csv/Rige Body/Table Tennis_01_009.csv,0.43069,-1.59083,-0.06509,6.75,0.00,body_local_swing_forehand
347,Table_Tennis_01_009_TennisBats02_83p99_85p99_Skeleton002,backhand,1.0000,TennisBats02,Csv/Rige Body/Table Tennis_01_009.csv,0.06314,0.69248,0.03940,0.00,5.75,body_local_swing_backhand
348,Table_Tennis_01_009_TennisBats02_85p21_87p21_Skeleton002,backhand,0.9000,TennisBats02,Csv/Rige Body/Table Tennis_01_009.csv,0.00477,0.55002,-0.00137,0.00,2.75,body_local_swing_backhand
349,Table_Tennis_01_009_TennisBats02_86p50_88p50_Skeleton002,backhand,1.0000,TennisBats02,Csv/Rige Body/Table Tennis_01_009.csv,0.18293,0.59516,0.03306,0.00,4.00,body_local_swing_backhand
350,Table_Tennis_01_009_TennisBats02_93p32_95p32_Skeleton002,forehand,1.0000,TennisBats02,Csv/Rige Body/Table Tennis_01_009.csv,0.41606,-1.29226,-0.07770,6.75,0.00,body_local_swing_forehand
351,Table_Tennis_01_004_TennisBats01_0p00_1p67_Skeleton001,forehand,1.0000,TennisBats01,Csv/Point/Table Tennis_01_004.csv,0.15385,-2.56797,-0.20356,6.00,0.75,body_local_swing_forehand
352,Table_Tennis_01_004_TennisBats01_100p17_102p17_Skeleton001,forehand,1.0000,TennisBats01,Csv/Point/Table Tennis_01_004.csv,0.33155,-2.33146,-0.11209,6.75,0.00,body_local_swing_forehand
353,Table_Tennis_01_004_TennisBats01_10p94_12p94_Skeleton001,forehand,1.0000,TennisBats01,Csv/Point/Table Tennis_01_004.csv,0.36269,-1.60331,-0.11011,6.75,0.00,body_local_swing_forehand
354,Table_Tennis_01_004_TennisBats01_16p80_18p80_Skeleton001,forehand,1.0000,TennisBats01,Csv/Point/Table Tennis_01_004.csv,0.37104,-1.34027,-0.09069,6.75,0.00,body_local_swing_forehand
355,Table_Tennis_01_004_TennisBats01_1p31_3p31_Skeleton001,forehand,1.0000,TennisBats01,Csv/Point/Table Tennis_01_004.csv,0.66451,-1.35271,-0.06157,6.75,0.00,body_local_swing_forehand
356,Table_Tennis_01_004_TennisBats01_21p34_23p34_Skeleton001,unknown,0.0000,TennisBats01,Csv/Point/Table Tennis_01_004.csv,0.09239,0.22290,0.01038,0.00,1.75,weak_motion_evidence
357,Table_Tennis_01_004_TennisBats01_22p66_24p66_Skeleton001,forehand,1.0000,TennisBats01,Csv/Point/Table Tennis_01_004.csv,0.40162,-1.42431,-0.08225,6.75,0.00,body_local_swing_forehand
358,Table_Tennis_01_004_TennisBats01_26p96_28p96_Skeleton001,forehand,1.0000,TennisBats01,Csv/Point/Table Tennis_01_004.csv,0.19528,-2.32044,-0.18899,6.00,0.00,body_local_swing_forehand
359,Table_Tennis_01_004_TennisBats01_28p53_30p53_Skeleton001,forehand,1.0000,TennisBats01,Csv/Point/Table Tennis_01_004.csv,0.40058,-1.92114,-0.13507,6.75,0.00,body_local_swing_forehand
360,Table_Tennis_01_004_TennisBats01_2p71_4p71_Skeleton001,forehand,1.0000,TennisBats01,Csv/Point/Table Tennis_01_004.csv,0.33158,-1.19211,-0.06092,6.75,0.00,body_local_swing_forehand
361,Table_Tennis_01_004_TennisBats01_36p22_38p22_Skeleton001,unknown,0.0000,TennisBats01,Csv/Point/Table Tennis_01_004.csv,0.15506,-0.04436,-0.00306,0.00,0.75,weak_motion_evidence
362,Table_Tennis_01_004_TennisBats01_37p49_39p49_Skeleton001,forehand,1.0000,TennisBats01,Csv/Point/Table Tennis_01_004.csv,0.36721,-2.13559,-0.13074,6.75,0.00,body_local_swing_forehand
363,Table_Tennis_01_004_TennisBats01_46p34_48p34_Skeleton001,forehand,1.0000,TennisBats01,Csv/Point/Table Tennis_01_004.csv,0.16346,-2.44473,-0.20731,6.00,0.00,body_local_swing_forehand
364,Table_Tennis_01_004_TennisBats01_48p00_50p00_Skeleton001,forehand,1.0000,TennisBats01,Csv/Point/Table Tennis_01_004.csv,0.49206,-1.99029,-0.10817,6.75,0.00,body_local_swing_forehand
365,Table_Tennis_01_004_TennisBats01_49p23_51p23_Skeleton001,forehand,1.0000,TennisBats01,Csv/Point/Table Tennis_01_004.csv,0.33613,-2.05039,-0.11318,6.75,0.00,body_local_swing_forehand
366,Table_Tennis_01_004_TennisBats01_51p48_53p48_Skeleton001,forehand,1.0000,TennisBats01,Csv/Point/Table Tennis_01_004.csv,0.01213,-0.95765,-0.06660,6.00,0.75,body_local_swing_forehand
367,Table_Tennis_01_004_TennisBats01_52p86_54p86_Skeleton001,unknown,0.0000,TennisBats01,Csv/Point/Table Tennis_01_004.csv,0.04792,0.03967,0.01236,0.00,1.75,weak_motion_evidence
368,Table_Tennis_01_004_TennisBats01_62p71_64p71_Skeleton001,forehand,1.0000,TennisBats01,Csv/Point/Table Tennis_01_004.csv,0.39039,-1.18576,-0.07316,6.75,0.00,body_local_swing_forehand
369,Table_Tennis_01_004_TennisBats01_64p08_66p08_Skeleton001,forehand,1.0000,TennisBats01,Csv/Point/Table Tennis_01_004.csv,0.28457,-0.55716,-0.02685,4.00,0.00,body_local_swing_forehand
370,Table_Tennis_01_004_TennisBats01_68p54_70p54_Skeleton001,forehand,1.0000,TennisBats01,Csv/Point/Table Tennis_01_004.csv,0.31406,-1.65197,-0.09802,6.00,0.00,body_local_swing_forehand
371,Table_Tennis_01_004_TennisBats01_69p86_71p86_Skeleton001,forehand,1.0000,TennisBats01,Csv/Point/Table Tennis_01_004.csv,0.34458,-1.68519,-0.10331,6.75,0.00,body_local_swing_forehand
372,Table_Tennis_01_004_TennisBats01_71p12_73p12_Skeleton001,forehand,1.0000,TennisBats01,Csv/Point/Table Tennis_01_004.csv,0.40695,-1.87687,-0.11468,6.75,0.00,body_local_swing_forehand
373,Table_Tennis_01_004_TennisBats01_72p38_74p38_Skeleton001,forehand,1.0000,TennisBats01,Csv/Point/Table Tennis_01_004.csv,0.37049,-1.91741,-0.11514,6.75,0.00,body_local_swing_forehand
374,Table_Tennis_01_004_TennisBats01_73p65_75p65_Skeleton001,forehand,1.0000,TennisBats01,Csv/Point/Table Tennis_01_004.csv,0.36343,-2.06241,-0.13041,6.75,0.00,body_local_swing_forehand
375,Table_Tennis_01_004_TennisBats01_74p88_76p88_Skeleton001,forehand,1.0000,TennisBats01,Csv/Point/Table Tennis_01_004.csv,0.36068,-1.91752,-0.09289,6.75,0.00,body_local_swing_forehand
376,Table_Tennis_01_004_TennisBats01_81p24_83p24_Skeleton001,forehand,1.0000,TennisBats01,Csv/Point/Table Tennis_01_004.csv,0.36468,-1.42905,-0.07791,6.75,0.00,body_local_swing_forehand
377,Table_Tennis_01_004_TennisBats01_8p39_10p39_Skeleton001,forehand,1.0000,TennisBats01,Csv/Point/Table Tennis_01_004.csv,0.39789,-1.28724,-0.08121,6.75,0.00,body_local_swing_forehand
378,Table_Tennis_01_004_TennisBats01_91p09_93p09_Skeleton001,forehand,1.0000,TennisBats01,Csv/Point/Table Tennis_01_004.csv,0.34839,-1.54824,-0.08242,6.75,0.00,body_local_swing_forehand
379,Table_Tennis_01_004_TennisBats01_92p36_94p36_Skeleton001,forehand,1.0000,TennisBats01,Csv/Point/Table Tennis_01_004.csv,0.34360,-1.94898,-0.09677,6.75,0.00,body_local_swing_forehand
380,Table_Tennis_01_004_TennisBats01_93p57_95p57_Skeleton001,forehand,1.0000,TennisBats01,Csv/Point/Table Tennis_01_004.csv,0.34362,-2.13826,-0.10461,6.75,0.00,body_local_swing_forehand
381,Table_Tennis_01_004_TennisBats01_94p80_96p80_Skeleton001,forehand,1.0000,TennisBats01,Csv/Point/Table Tennis_01_004.csv,0.30786,-2.52031,-0.13822,6.00,0.00,body_local_swing_forehand
382,Table_Tennis_01_004_TennisBats01_96p22_98p22_Skeleton001,forehand,1.0000,TennisBats01,Csv/Point/Table Tennis_01_004.csv,0.35224,-1.97900,-0.10035,6.75,0.00,body_local_swing_forehand
383,Table_Tennis_01_004_TennisBats01_97p54_99p54_Skeleton001,forehand,1.0000,TennisBats01,Csv/Point/Table Tennis_01_004.csv,0.47391,-1.43216,-0.09232,6.75,0.00,body_local_swing_forehand
384,Table_Tennis_01_004_TennisBats01_98p91_100p91_Skeleton001,forehand,1.0000,TennisBats01,Csv/Point/Table Tennis_01_004.csv,0.33553,-1.91449,-0.10765,6.75,0.00,body_local_swing_forehand
385,Table_Tennis_01_004_TennisBats01_9p66_11p66_Skeleton001,forehand,1.0000,TennisBats01,Csv/Point/Table Tennis_01_004.csv,0.38237,-1.29895,-0.08097,6.75,0.00,body_local_swing_forehand
386,Table_Tennis_01_004_TennisBats02_0p60_2p60_Skeleton002,forehand,1.0000,TennisBats02,Csv/Point/Table Tennis_01_004.csv,0.34461,-1.60735,-0.12524,6.75,0.00,body_local_swing_forehand
387,Table_Tennis_01_004_TennisBats02_100p80_102p80_Skeleton002,forehand,1.0000,TennisBats02,Csv/Point/Table Tennis_01_004.csv,0.40420,-2.20685,-0.14278,6.75,0.00,body_local_swing_forehand
388,Table_Tennis_01_004_TennisBats02_10p28_12p28_Skeleton002,forehand,1.0000,TennisBats02,Csv/Point/Table Tennis_01_004.csv,0.59289,-1.37597,-0.07204,6.75,0.00,body_local_swing_forehand
389,Table_Tennis_01_004_TennisBats02_15p98_17p98_Skeleton002,forehand,1.0000,TennisBats02,Csv/Point/Table Tennis_01_004.csv,0.35735,-3.19020,-0.14064,6.75,0.00,body_local_swing_forehand
390,Table_Tennis_01_004_TennisBats02_17p46_19p46_Skeleton002,unknown,0.0000,TennisBats02,Csv/Point/Table Tennis_01_004.csv,0.12864,0.11120,-0.02484,1.00,0.75,weak_motion_evidence
391,Table_Tennis_01_004_TennisBats02_20p50_22p50_Skeleton002,forehand,1.0000,TennisBats02,Csv/Point/Table Tennis_01_004.csv,0.39195,-2.87061,-0.13625,6.75,0.00,body_local_swing_forehand
392,Table_Tennis_01_004_TennisBats02_21p93_23p93_Skeleton002,unknown,0.0000,TennisBats02,Csv/Point/Table Tennis_01_004.csv,0.11778,0.13967,0.02041,0.00,1.75,weak_motion_evidence
393,Table_Tennis_01_004_TennisBats02_27p80_29p80_Skeleton002,unknown,0.0000,TennisBats02,Csv/Point/Table Tennis_01_004.csv,0.18637,0.03009,0.00074,0.00,0.00,weak_motion_evidence
394,Table_Tennis_01_004_TennisBats02_2p04_4p04_Skeleton002,forehand,1.0000,TennisBats02,Csv/Point/Table Tennis_01_004.csv,0.33482,-1.88126,-0.13688,6.75,0.00,body_local_swing_forehand
395,Table_Tennis_01_004_TennisBats02_35p36_37p36_Skeleton002,forehand,1.0000,TennisBats02,Csv/Point/Table Tennis_01_004.csv,0.40015,-2.78285,-0.11545,6.75,0.00,body_local_swing_forehand
396,Table_Tennis_01_004_TennisBats02_36p78_38p78_Skeleton002,unknown,0.0000,TennisBats02,Csv/Point/Table Tennis_01_004.csv,0.07245,0.05248,-0.00679,0.00,0.75,weak_motion_evidence
397,Table_Tennis_01_004_TennisBats02_38p36_40p36_Skeleton002,forehand,1.0000,TennisBats02,Csv/Point/Table Tennis_01_004.csv,0.59674,-1.09667,-0.09978,6.75,0.00,body_local_swing_forehand
398,Table_Tennis_01_004_TennisBats02_3p39_5p39_Skeleton002,forehand,1.0000,TennisBats02,Csv/Point/Table Tennis_01_004.csv,0.47951,-1.71734,-0.12190,6.75,0.00,body_local_swing_forehand
399,Table_Tennis_01_004_TennisBats02_47p32_49p32_Skeleton002,forehand,1.0000,TennisBats02,Csv/Point/Table Tennis_01_004.csv,0.28195,-2.08537,-0.14610,6.00,0.00,body_local_swing_forehand
400,Table_Tennis_01_004_TennisBats02_48p62_50p62_Skeleton002,forehand,1.0000,TennisBats02,Csv/Point/Table Tennis_01_004.csv,0.35955,-2.21733,-0.14320,6.75,0.00,body_local_swing_forehand
401,Table_Tennis_01_004_TennisBats02_50p92_52p92_Skeleton002,forehand,1.0000,TennisBats02,Csv/Point/Table Tennis_01_004.csv,0.44618,-1.27251,-0.07829,6.75,0.00,body_local_swing_forehand
402,Table_Tennis_01_004_TennisBats02_52p15_54p15_Skeleton002,forehand,1.0000,TennisBats02,Csv/Point/Table Tennis_01_004.csv,0.23972,-2.29602,-0.18250,6.00,0.00,body_local_swing_forehand
403,Table_Tennis_01_004_TennisBats02_61p92_63p92_Skeleton002,forehand,1.0000,TennisBats02,Csv/Point/Table Tennis_01_004.csv,0.35738,-3.20724,-0.16922,6.75,0.00,body_local_swing_forehand
404,Table_Tennis_01_004_TennisBats02_63p33_65p33_Skeleton002,unknown,0.2500,TennisBats02,Csv/Point/Table Tennis_01_004.csv,0.06574,-0.05984,-0.04865,2.00,0.75,ambiguous_body_local_swing
405,Table_Tennis_01_004_TennisBats02_65p26_67p26_Skeleton002,forehand,0.9000,TennisBats02,Csv/Point/Table Tennis_01_004.csv,0.49573,-0.34410,-0.00762,2.75,0.00,body_local_swing_forehand
406,Table_Tennis_01_004_TennisBats02_67p69_69p69_Skeleton002,forehand,1.0000,TennisBats02,Csv/Point/Table Tennis_01_004.csv,0.38973,-3.06434,-0.14829,6.75,0.00,body_local_swing_forehand
407,Table_Tennis_01_004_TennisBats02_69p21_71p21_Skeleton002,forehand,1.0000,TennisBats02,Csv/Point/Table Tennis_01_004.csv,0.37657,-2.08107,-0.14724,6.75,0.00,body_local_swing_forehand
408,Table_Tennis_01_004_TennisBats02_70p49_72p49_Skeleton002,forehand,1.0000,TennisBats02,Csv/Point/Table Tennis_01_004.csv,0.39896,-1.94453,-0.14219,6.75,0.00,body_local_swing_forehand
409,Table_Tennis_01_004_TennisBats02_71p74_73p74_Skeleton002,forehand,1.0000,TennisBats02,Csv/Point/Table Tennis_01_004.csv,0.54784,-1.51021,-0.09922,6.75,0.00,body_local_swing_forehand
410,Table_Tennis_01_004_TennisBats02_72p98_74p98_Skeleton002,forehand,1.0000,TennisBats02,Csv/Point/Table Tennis_01_004.csv,0.47080,-1.21071,-0.08889,6.75,0.00,body_local_swing_forehand
411,Table_Tennis_01_004_TennisBats02_74p25_76p25_Skeleton002,forehand,1.0000,TennisBats02,Csv/Point/Table Tennis_01_004.csv,0.49017,-1.50880,-0.09521,6.75,0.00,body_local_swing_forehand
412,Table_Tennis_01_004_TennisBats02_7p56_9p56_Skeleton002,forehand,1.0000,TennisBats02,Csv/Point/Table Tennis_01_004.csv,0.41094,-2.93165,-0.14773,6.75,0.00,body_local_swing_forehand
413,Table_Tennis_01_004_TennisBats02_80p42_82p42_Skeleton002,forehand,1.0000,TennisBats02,Csv/Point/Table Tennis_01_004.csv,0.38528,-3.37435,-0.16140,6.75,0.00,body_local_swing_forehand
414,Table_Tennis_01_004_TennisBats02_91p75_93p75_Skeleton002,forehand,1.0000,TennisBats02,Csv/Point/Table Tennis_01_004.csv,0.48332,-2.19567,-0.16138,6.75,0.00,body_local_swing_forehand
415,Table_Tennis_01_004_TennisBats02_94p16_96p16_Skeleton002,forehand,1.0000,TennisBats02,Csv/Point/Table Tennis_01_004.csv,0.63140,-1.35929,-0.07115,6.75,0.00,body_local_swing_forehand
416,Table_Tennis_01_004_TennisBats02_95p48_97p48_Skeleton002,forehand,1.0000,TennisBats02,Csv/Point/Table Tennis_01_004.csv,0.40055,-1.73925,-0.10894,6.75,0.00,body_local_swing_forehand
417,Table_Tennis_01_004_TennisBats02_96p89_98p89_Skeleton002,forehand,1.0000,TennisBats02,Csv/Point/Table Tennis_01_004.csv,0.23884,-2.44338,-0.17147,6.00,0.00,body_local_swing_forehand
418,Table_Tennis_01_004_TennisBats02_98p18_100p18_Skeleton002,forehand,1.0000,TennisBats02,Csv/Point/Table Tennis_01_004.csv,0.45096,-2.12430,-0.17190,6.75,0.00,body_local_swing_forehand
419,Table_Tennis_01_004_TennisBats02_99p56_101p56_Skeleton002,forehand,1.0000,TennisBats02,Csv/Point/Table Tennis_01_004.csv,0.46892,-1.87599,-0.11636,6.75,0.00,body_local_swing_forehand
420,Table_Tennis_01_004_TennisBats02_9p04_11p04_Skeleton002,forehand,1.0000,TennisBats02,Csv/Point/Table Tennis_01_004.csv,0.41922,-1.76686,-0.12566,6.75,0.00,body_local_swing_forehand
421,Table_Tennis_01_012_TennisBats01_139p79_141p79_Skeleton001,forehand,0.9500,TennisBats01,Csv/Point/Table Tennis_01_012.csv,0.28615,-0.71636,0.00776,3.00,0.00,body_local_swing_forehand
422,Table_Tennis_01_012_TennisBats01_163p98_165p98_Skeleton001,forehand,1.0000,TennisBats01,Csv/Point/Table Tennis_01_012.csv,0.42060,-0.80160,-0.05367,5.75,0.00,body_local_swing_forehand
423,Table_Tennis_01_012_TennisBats01_165p22_167p22_Skeleton001,forehand,1.0000,TennisBats01,Csv/Point/Table Tennis_01_012.csv,0.38573,-1.25223,-0.09363,6.75,0.00,body_local_swing_forehand
424,Table_Tennis_01_012_TennisBats01_166p49_168p49_Skeleton001,forehand,1.0000,TennisBats01,Csv/Point/Table Tennis_01_012.csv,0.46123,-1.74282,-0.10986,6.75,0.00,body_local_swing_forehand
425,Table_Tennis_01_012_TennisBats01_16p00_18p00_Skeleton001,forehand,1.0000,TennisBats01,Csv/Point/Table Tennis_01_012.csv,0.37905,-1.06852,-0.05322,5.75,0.00,body_local_swing_forehand
426,Table_Tennis_01_012_TennisBats01_17p31_19p31_Skeleton001,forehand,1.0000,TennisBats01,Csv/Point/Table Tennis_01_012.csv,0.27126,-2.08345,-0.13249,6.00,0.00,body_local_swing_forehand
427,Table_Tennis_01_012_TennisBats01_18p55_20p55_Skeleton001,forehand,1.0000,TennisBats01,Csv/Point/Table Tennis_01_012.csv,0.27811,-1.94615,-0.11040,6.00,0.00,body_local_swing_forehand
428,Table_Tennis_01_012_TennisBats01_26p69_28p69_Skeleton001,forehand,1.0000,TennisBats01,Csv/Point/Table Tennis_01_012.csv,0.32203,-1.93548,-0.11766,6.75,0.00,body_local_swing_forehand
429,Table_Tennis_01_012_TennisBats01_29p07_31p07_Skeleton001,forehand,1.0000,TennisBats01,Csv/Point/Table Tennis_01_012.csv,0.37531,-1.38815,-0.07805,6.75,0.00,body_local_swing_forehand
430,Table_Tennis_01_012_TennisBats01_34p41_36p41_Skeleton001,forehand,1.0000,TennisBats01,Csv/Point/Table Tennis_01_012.csv,0.19056,-2.07129,-0.17331,6.00,0.00,body_local_swing_forehand
431,Table_Tennis_01_012_TennisBats01_35p88_37p88_Skeleton001,forehand,1.0000,TennisBats01,Csv/Point/Table Tennis_01_012.csv,0.35134,-2.07608,-0.13369,6.75,0.00,body_local_swing_forehand
432,Table_Tennis_01_012_TennisBats01_50p45_52p45_Skeleton001,forehand,1.0000,TennisBats01,Csv/Point/Table Tennis_01_012.csv,0.33744,-1.49600,-0.08725,6.75,0.00,body_local_swing_forehand
433,Table_Tennis_01_012_TennisBats01_51p70_53p70_Skeleton001,forehand,1.0000,TennisBats01,Csv/Point/Table Tennis_01_012.csv,0.38293,-1.33514,-0.07075,6.75,0.00,body_local_swing_forehand
434,Table_Tennis_01_012_TennisBats01_54p12_56p12_Skeleton001,forehand,1.0000,TennisBats01,Csv/Point/Table Tennis_01_012.csv,0.34386,-1.74508,-0.10573,6.75,0.00,body_local_swing_forehand
435,Table_Tennis_01_012_TennisBats01_55p34_57p34_Skeleton001,forehand,1.0000,TennisBats01,Csv/Point/Table Tennis_01_012.csv,0.53758,-2.59520,-0.13508,6.75,0.00,body_local_swing_forehand
436,Table_Tennis_01_012_TennisBats01_57p72_59p72_Skeleton001,forehand,1.0000,TennisBats01,Csv/Point/Table Tennis_01_012.csv,0.66160,-2.03209,-0.07442,6.75,0.00,body_local_swing_forehand
437,Table_Tennis_01_012_TennisBats01_75p67_77p67_Skeleton001,forehand,1.0000,TennisBats01,Csv/Point/Table Tennis_01_012.csv,0.50834,-0.97901,-0.07498,6.75,0.00,body_local_swing_forehand
438,Table_Tennis_01_012_TennisBats01_93p13_95p13_Skeleton001,forehand,1.0000,TennisBats01,Csv/Point/Table Tennis_01_012.csv,0.38764,-1.06595,-0.08053,6.75,0.00,body_local_swing_forehand
439,Table_Tennis_01_012_TennisBats01_95p75_97p75_Skeleton001,forehand,1.0000,TennisBats01,Csv/Point/Table Tennis_01_012.csv,0.49643,-1.36743,-0.06638,6.75,0.00,body_local_swing_forehand
440,Table_Tennis_01_012_TennisBats01_96p97_98p97_Skeleton001,forehand,1.0000,TennisBats01,Csv/Point/Table Tennis_01_012.csv,0.42993,-1.60130,-0.10906,6.75,0.00,body_local_swing_forehand
441,Table_Tennis_01_012_TennisBats02_125p07_127p07_Skeleton002,backhand,0.9000,TennisBats02,Csv/Point/Table Tennis_01_012.csv,0.15339,0.32868,0.00199,0.00,2.75,body_local_swing_backhand
442,Table_Tennis_01_012_TennisBats02_127p63_129p63_Skeleton002,unknown,0.0000,TennisBats02,Csv/Point/Table Tennis_01_012.csv,0.01046,0.26268,0.00695,0.00,1.75,weak_motion_evidence
443,Table_Tennis_01_012_TennisBats02_148p16_150p16_Skeleton002,backhand,1.0000,TennisBats02,Csv/Point/Table Tennis_01_012.csv,0.19665,0.60136,0.04887,0.00,4.00,body_local_swing_backhand
444,Table_Tennis_01_012_TennisBats02_152p90_154p90_Skeleton002,backhand,1.0000,TennisBats02,Csv/Point/Table Tennis_01_012.csv,0.20446,0.62885,0.03842,0.00,4.00,body_local_swing_backhand
445,Table_Tennis_01_012_TennisBats02_165p83_167p83_Skeleton002,backhand,1.0000,TennisBats02,Csv/Point/Table Tennis_01_012.csv,0.09915,0.81819,0.06815,0.00,6.75,body_local_swing_backhand
446,Table_Tennis_01_012_TennisBats02_167p06_169p06_Skeleton002,backhand,1.0000,TennisBats02,Csv/Point/Table Tennis_01_012.csv,0.07565,0.89796,0.03686,0.00,5.75,body_local_swing_backhand
447,Table_Tennis_01_012_TennisBats02_16p61_18p61_Skeleton002,backhand,0.9000,TennisBats02,Csv/Point/Table Tennis_01_012.csv,0.08526,0.35018,-0.00069,0.00,2.75,body_local_swing_backhand
448,Table_Tennis_01_012_TennisBats02_17p87_19p87_Skeleton002,unknown,0.0000,TennisBats02,Csv/Point/Table Tennis_01_012.csv,0.16786,-0.14234,-0.01670,1.00,0.00,weak_motion_evidence
449,Table_Tennis_01_012_TennisBats02_189p84_191p84_Skeleton002,backhand,1.0000,TennisBats02,Csv/Point/Table Tennis_01_012.csv,0.12375,0.53671,0.03145,0.00,4.75,body_local_swing_backhand
450,Table_Tennis_01_012_TennisBats02_192p34_194p34_Skeleton002,unknown,0.0000,TennisBats02,Csv/Point/Table Tennis_01_012.csv,0.16518,0.19561,-0.00205,0.00,1.00,weak_motion_evidence
451,Table_Tennis_01_012_TennisBats02_19p12_21p12_Skeleton002,unknown,0.0000,TennisBats02,Csv/Point/Table Tennis_01_012.csv,0.08528,0.07624,0.01105,0.00,0.75,weak_motion_evidence
452,Table_Tennis_01_012_TennisBats02_1p65_3p65_Skeleton002,backhand,0.9000,TennisBats02,Csv/Point/Table Tennis_01_012.csv,0.06103,0.31610,-0.00750,0.00,2.75,body_local_swing_backhand
453,Table_Tennis_01_012_TennisBats02_24p88_26p88_Skeleton002,unknown,0.0000,TennisBats02,Csv/Point/Table Tennis_01_012.csv,0.21796,0.08338,-0.01519,1.00,0.00,weak_motion_evidence
454,Table_Tennis_01_012_TennisBats02_27p22_29p22_Skeleton002,backhand,0.9500,TennisBats02,Csv/Point/Table Tennis_01_012.csv,0.19533,0.34665,0.02179,0.00,3.00,body_local_swing_backhand
455,Table_Tennis_01_012_TennisBats02_29p61_31p61_Skeleton002,backhand,1.0000,TennisBats02,Csv/Point/Table Tennis_01_012.csv,0.15922,0.57535,0.02331,0.00,3.75,body_local_swing_backhand
456,Table_Tennis_01_012_TennisBats02_36p43_38p43_Skeleton002,backhand,0.9000,TennisBats02,Csv/Point/Table Tennis_01_012.csv,0.11827,0.40741,0.01135,0.00,2.75,body_local_swing_backhand
457,Table_Tennis_01_012_TennisBats02_37p74_39p74_Skeleton002,backhand,1.0000,TennisBats02,Csv/Point/Table Tennis_01_012.csv,0.27026,0.63715,0.05920,0.00,4.00,body_local_swing_backhand
458,Table_Tennis_01_012_TennisBats02_44p05_46p05_Skeleton002,backhand,1.0000,TennisBats02,Csv/Point/Table Tennis_01_012.csv,0.14335,0.53577,0.02453,0.00,3.75,body_local_swing_backhand
459,Table_Tennis_01_012_TennisBats02_49p80_51p80_Skeleton002,backhand,0.7500,TennisBats02,Csv/Point/Table Tennis_01_012.csv,0.18567,0.33315,0.00975,0.00,2.00,body_local_swing_backhand
460,Table_Tennis_01_012_TennisBats02_51p04_53p04_Skeleton002,backhand,1.0000,TennisBats02,Csv/Point/Table Tennis_01_012.csv,0.09014,0.45107,0.03283,0.00,4.75,body_local_swing_backhand
461,Table_Tennis_01_012_TennisBats02_52p26_54p26_Skeleton002,unknown,0.0000,TennisBats02,Csv/Point/Table Tennis_01_012.csv,0.22063,0.01088,-0.00947,0.00,0.00,weak_motion_evidence
462,Table_Tennis_01_012_TennisBats02_53p47_55p47_Skeleton002,unknown,0.0000,TennisBats02,Csv/Point/Table Tennis_01_012.csv,0.05716,0.26711,0.00170,0.00,1.75,weak_motion_evidence
463,Table_Tennis_01_012_TennisBats02_54p68_56p68_Skeleton002,backhand,1.0000,TennisBats02,Csv/Point/Table Tennis_01_012.csv,0.10510,0.40779,0.01253,0.00,3.75,body_local_swing_backhand
464,Table_Tennis_01_012_TennisBats02_57p08_59p08_Skeleton002,backhand,1.0000,TennisBats02,Csv/Point/Table Tennis_01_012.csv,0.19588,0.45951,0.04522,0.00,4.00,body_local_swing_backhand
465,Table_Tennis_01_012_TennisBats02_59p55_61p55_Skeleton002,forehand,1.0000,TennisBats02,Csv/Point/Table Tennis_01_012.csv,0.44848,-1.60860,-0.07207,6.75,0.00,body_local_swing_forehand
466,Table_Tennis_01_012_TennisBats02_76p21_78p21_Skeleton002,backhand,1.0000,TennisBats02,Csv/Point/Table Tennis_01_012.csv,0.10247,0.56083,0.02563,0.00,4.75,body_local_swing_backhand
467,Table_Tennis_01_012_TennisBats02_92p24_94p24_Skeleton002,backhand,1.0000,TennisBats02,Csv/Point/Table Tennis_01_012.csv,-0.02466,0.68101,-0.00177,0.00,3.75,body_local_swing_backhand
468,Table_Tennis_01_012_TennisBats02_95p13_97p13_Skeleton002,backhand,1.0000,TennisBats02,Csv/Point/Table Tennis_01_012.csv,0.02428,0.56613,0.01562,0.00,3.75,body_local_swing_backhand
469,Table_Tennis_01_012_TennisBats02_9p55_11p55_Skeleton002,backhand,1.0000,TennisBats02,Csv/Point/Table Tennis_01_012.csv,0.24070,0.33580,0.05197,0.00,4.00,body_local_swing_backhand
470,Table_Tennis_01_013_TennisBats01_0p44_2p44_Skeleton001,forehand,1.0000,TennisBats01,Csv/Point/Table Tennis_01_013.csv,0.50784,-0.54534,-0.04298,4.75,0.00,body_local_swing_forehand
471,Table_Tennis_01_013_TennisBats01_101p09_103p09_Skeleton001,forehand,1.0000,TennisBats01,Csv/Point/Table Tennis_01_013.csv,0.37152,-1.43585,-0.08374,6.75,0.00,body_local_swing_forehand
472,Table_Tennis_01_013_TennisBats01_106p36_108p36_Skeleton001,forehand,1.0000,TennisBats01,Csv/Point/Table Tennis_01_013.csv,0.17764,-2.37702,-0.19851,6.00,0.00,body_local_swing_forehand
473,Table_Tennis_01_013_TennisBats01_107p76_109p76_Skeleton001,forehand,1.0000,TennisBats01,Csv/Point/Table Tennis_01_013.csv,0.43250,-1.42530,-0.08999,6.75,0.00,body_local_swing_forehand
474,Table_Tennis_01_013_TennisBats01_11p22_13p22_Skeleton001,forehand,1.0000,TennisBats01,Csv/Point/Table Tennis_01_013.csv,0.39952,-0.93283,-0.05164,5.75,0.00,body_local_swing_forehand
475,Table_Tennis_01_013_TennisBats01_120p39_122p39_Skeleton001,forehand,1.0000,TennisBats01,Csv/Point/Table Tennis_01_013.csv,0.34269,-0.92472,-0.05535,5.75,0.00,body_local_swing_forehand
476,Table_Tennis_01_013_TennisBats01_121p75_123p75_Skeleton001,forehand,1.0000,TennisBats01,Csv/Point/Table Tennis_01_013.csv,0.32908,-1.26426,-0.05922,5.75,0.00,body_local_swing_forehand
477,Table_Tennis_01_013_TennisBats01_123p00_125p00_Skeleton001,forehand,1.0000,TennisBats01,Csv/Point/Table Tennis_01_013.csv,0.38132,-1.39712,-0.08509,6.75,0.00,body_local_swing_forehand
478,Table_Tennis_01_013_TennisBats01_125p37_127p37_Skeleton001,forehand,1.0000,TennisBats01,Csv/Point/Table Tennis_01_013.csv,0.39732,-2.08608,-0.12470,6.75,0.00,body_local_swing_forehand
479,Table_Tennis_01_013_TennisBats01_128p92_130p92_Skeleton001,forehand,1.0000,TennisBats01,Csv/Point/Table Tennis_01_013.csv,0.50707,-0.98410,-0.07191,6.75,0.00,body_local_swing_forehand
480,Table_Tennis_01_013_TennisBats01_131p32_133p32_Skeleton001,forehand,1.0000,TennisBats01,Csv/Point/Table Tennis_01_013.csv,0.38382,-0.81056,-0.04100,5.75,0.00,body_local_swing_forehand
481,Table_Tennis_01_013_TennisBats01_132p60_134p60_Skeleton001,forehand,1.0000,TennisBats01,Csv/Point/Table Tennis_01_013.csv,0.32576,-1.52992,-0.09086,6.75,0.00,body_local_swing_forehand
482,Table_Tennis_01_013_TennisBats01_133p84_135p84_Skeleton001,forehand,1.0000,TennisBats01,Csv/Point/Table Tennis_01_013.csv,0.36138,-1.25730,-0.08446,6.75,0.00,body_local_swing_forehand
483,Table_Tennis_01_013_TennisBats01_135p09_137p09_Skeleton001,forehand,1.0000,TennisBats01,Csv/Point/Table Tennis_01_013.csv,0.37153,-1.09709,-0.08444,6.75,0.00,body_local_swing_forehand
484,Table_Tennis_01_013_TennisBats01_136p38_138p38_Skeleton001,forehand,1.0000,TennisBats01,Csv/Point/Table Tennis_01_013.csv,0.35014,-0.89978,-0.04887,5.75,0.00,body_local_swing_forehand
485,Table_Tennis_01_013_TennisBats01_138p72_140p72_Skeleton001,forehand,1.0000,TennisBats01,Csv/Point/Table Tennis_01_013.csv,0.51029,-1.65680,-0.11027,6.75,0.00,body_local_swing_forehand
486,Table_Tennis_01_013_TennisBats01_141p08_143p08_Skeleton001,forehand,1.0000,TennisBats01,Csv/Point/Table Tennis_01_013.csv,0.22702,-1.90007,-0.12384,6.00,0.00,body_local_swing_forehand
487,Table_Tennis_01_013_TennisBats01_143p51_145p51_Skeleton001,forehand,1.0000,TennisBats01,Csv/Point/Table Tennis_01_013.csv,0.42593,-0.97812,-0.06752,6.75,0.00,body_local_swing_forehand
488,Table_Tennis_01_013_TennisBats01_144p77_146p77_Skeleton001,forehand,1.0000,TennisBats01,Csv/Point/Table Tennis_01_013.csv,0.44458,-1.25405,-0.08954,6.75,0.00,body_local_swing_forehand
489,Table_Tennis_01_013_TennisBats01_147p23_149p23_Skeleton001,forehand,1.0000,TennisBats01,Csv/Point/Table Tennis_01_013.csv,0.51006,-1.22144,-0.09495,6.75,0.00,body_local_swing_forehand
490,Table_Tennis_01_013_TennisBats01_149p61_151p61_Skeleton001,forehand,1.0000,TennisBats01,Csv/Point/Table Tennis_01_013.csv,0.27742,-1.73451,-0.10152,6.00,0.00,body_local_swing_forehand
491,Table_Tennis_01_013_TennisBats01_152p01_154p01_Skeleton001,forehand,1.0000,TennisBats01,Csv/Point/Table Tennis_01_013.csv,0.44125,-0.70645,-0.06294,6.75,0.00,body_local_swing_forehand
492,Table_Tennis_01_013_TennisBats01_153p32_155p32_Skeleton001,forehand,1.0000,TennisBats01,Csv/Point/Table Tennis_01_013.csv,0.43209,-0.57198,-0.05893,4.75,0.00,body_local_swing_forehand
493,Table_Tennis_01_013_TennisBats01_155p92_157p92_Skeleton001,unknown,0.0000,TennisBats01,Csv/Point/Table Tennis_01_013.csv,0.47702,-0.13504,-0.01499,1.75,0.00,weak_motion_evidence
494,Table_Tennis_01_013_TennisBats01_157p24_159p24_Skeleton001,forehand,1.0000,TennisBats01,Csv/Point/Table Tennis_01_013.csv,0.35641,-1.20923,-0.07276,6.75,0.00,body_local_swing_forehand
495,Table_Tennis_01_013_TennisBats01_158p46_160p46_Skeleton001,forehand,1.0000,TennisBats01,Csv/Point/Table Tennis_01_013.csv,0.32747,-1.08237,-0.08048,6.75,0.00,body_local_swing_forehand
496,Table_Tennis_01_013_TennisBats01_159p71_161p71_Skeleton001,forehand,1.0000,TennisBats01,Csv/Point/Table Tennis_01_013.csv,0.38803,-1.72301,-0.11791,6.75,0.00,body_local_swing_forehand
497,Table_Tennis_01_013_TennisBats01_160p94_162p94_Skeleton001,forehand,1.0000,TennisBats01,Csv/Point/Table Tennis_01_013.csv,0.48295,-0.87904,-0.06813,6.75,0.00,body_local_swing_forehand
498,Table_Tennis_01_013_TennisBats01_162p19_164p19_Skeleton001,forehand,1.0000,TennisBats01,Csv/Point/Table Tennis_01_013.csv,0.36406,-0.99120,-0.05237,5.75,0.00,body_local_swing_forehand
499,Table_Tennis_01_013_TennisBats01_163p43_165p43_Skeleton001,forehand,1.0000,TennisBats01,Csv/Point/Table Tennis_01_013.csv,0.61427,-1.05631,-0.04634,5.75,0.00,body_local_swing_forehand
500,Table_Tennis_01_013_TennisBats01_16p65_18p65_Skeleton001,forehand,1.0000,TennisBats01,Csv/Point/Table Tennis_01_013.csv,0.16164,-2.24752,-0.18025,6.00,0.00,body_local_swing_forehand
501,Table_Tennis_01_013_TennisBats01_18p19_20p19_Skeleton001,forehand,1.0000,TennisBats01,Csv/Point/Table Tennis_01_013.csv,0.42979,-1.31566,-0.10215,6.75,0.00,body_local_swing_forehand
502,Table_Tennis_01_013_TennisBats01_19p48_21p48_Skeleton001,forehand,1.0000,TennisBats01,Csv/Point/Table Tennis_01_013.csv,0.43065,-1.50577,-0.11676,6.75,0.00,body_local_swing_forehand
503,Table_Tennis_01_013_TennisBats01_1p77_3p77_Skeleton001,forehand,1.0000,TennisBats01,Csv/Point/Table Tennis_01_013.csv,0.35202,-1.30758,-0.07751,6.75,0.00,body_local_swing_forehand
504,Table_Tennis_01_013_TennisBats01_27p21_29p21_Skeleton001,forehand,1.0000,TennisBats01,Csv/Point/Table Tennis_01_013.csv,0.41118,-1.28158,-0.09561,6.75,0.00,body_local_swing_forehand
505,Table_Tennis_01_013_TennisBats01_28p57_30p57_Skeleton001,forehand,1.0000,TennisBats01,Csv/Point/Table Tennis_01_013.csv,0.37202,-1.99489,-0.12176,6.75,0.00,body_local_swing_forehand
506,Table_Tennis_01_013_TennisBats01_29p86_31p86_Skeleton001,forehand,1.0000,TennisBats01,Csv/Point/Table Tennis_01_013.csv,0.46911,-0.70318,-0.03523,5.75,0.00,body_local_swing_forehand
507,Table_Tennis_01_013_TennisBats01_31p23_33p23_Skeleton001,forehand,1.0000,TennisBats01,Csv/Point/Table Tennis_01_013.csv,0.40319,-1.47064,-0.11433,6.75,0.00,body_local_swing_forehand
508,Table_Tennis_01_013_TennisBats01_32p54_34p54_Skeleton001,forehand,1.0000,TennisBats01,Csv/Point/Table Tennis_01_013.csv,0.31483,-1.80478,-0.12841,6.00,0.00,body_local_swing_forehand
509,Table_Tennis_01_013_TennisBats01_33p89_35p89_Skeleton001,forehand,1.0000,TennisBats01,Csv/Point/Table Tennis_01_013.csv,0.34356,-1.75088,-0.10305,6.75,0.00,body_local_swing_forehand
510,Table_Tennis_01_013_TennisBats01_35p24_37p24_Skeleton001,forehand,1.0000,TennisBats01,Csv/Point/Table Tennis_01_013.csv,0.49210,-1.46977,-0.09967,6.75,0.00,body_local_swing_forehand
511,Table_Tennis_01_013_TennisBats01_36p53_38p53_Skeleton001,forehand,1.0000,TennisBats01,Csv/Point/Table Tennis_01_013.csv,0.55107,-2.46978,-0.10729,6.75,0.00,body_local_swing_forehand
512,Table_Tennis_01_013_TennisBats01_37p86_39p86_Skeleton001,forehand,1.0000,TennisBats01,Csv/Point/Table Tennis_01_013.csv,0.34449,-1.68374,-0.11247,6.75,0.00,body_local_swing_forehand
513,Table_Tennis_01_013_TennisBats01_39p20_41p20_Skeleton001,forehand,1.0000,TennisBats01,Csv/Point/Table Tennis_01_013.csv,0.48125,-1.40704,-0.11268,6.75,0.00,body_local_swing_forehand
514,Table_Tennis_01_013_TennisBats01_3p11_5p11_Skeleton001,forehand,1.0000,TennisBats01,Csv/Point/Table Tennis_01_013.csv,0.35334,-1.38773,-0.08849,6.75,0.00,body_local_swing_forehand
515,Table_Tennis_01_013_TennisBats01_40p51_42p51_Skeleton001,forehand,1.0000,TennisBats01,Csv/Point/Table Tennis_01_013.csv,0.31429,-1.94222,-0.12632,6.00,0.00,body_local_swing_forehand
516,Table_Tennis_01_013_TennisBats01_41p83_43p83_Skeleton001,forehand,1.0000,TennisBats01,Csv/Point/Table Tennis_01_013.csv,0.58358,-1.52015,-0.09003,6.75,0.00,body_local_swing_forehand
517,Table_Tennis_01_013_TennisBats01_43p07_45p07_Skeleton001,forehand,1.0000,TennisBats01,Csv/Point/Table Tennis_01_013.csv,0.36063,-1.79796,-0.11358,6.75,0.00,body_local_swing_forehand
518,Table_Tennis_01_013_TennisBats01_44p32_46p32_Skeleton001,forehand,1.0000,TennisBats01,Csv/Point/Table Tennis_01_013.csv,0.50114,-2.16299,-0.12287,6.75,0.00,body_local_swing_forehand
519,Table_Tennis_01_013_TennisBats01_4p40_6p40_Skeleton001,forehand,1.0000,TennisBats01,Csv/Point/Table Tennis_01_013.csv,0.45598,-0.90691,-0.07398,6.75,0.00,body_local_swing_forehand
520,Table_Tennis_01_013_TennisBats01_52p52_54p52_Skeleton001,unknown,0.0000,TennisBats01,Csv/Point/Table Tennis_01_013.csv,0.23211,0.02146,-0.00520,0.00,0.00,weak_motion_evidence
521,Table_Tennis_01_013_TennisBats01_53p88_55p88_Skeleton001,forehand,1.0000,TennisBats01,Csv/Point/Table Tennis_01_013.csv,0.45253,-0.77259,-0.05167,5.75,0.00,body_local_swing_forehand
522,Table_Tennis_01_013_TennisBats01_5p83_7p83_Skeleton001,forehand,1.0000,TennisBats01,Csv/Point/Table Tennis_01_013.csv,0.51544,-0.41884,-0.01282,3.75,0.00,body_local_swing_forehand
523,Table_Tennis_01_013_TennisBats01_61p12_63p12_Skeleton001,forehand,1.0000,TennisBats01,Csv/Point/Table Tennis_01_013.csv,0.19869,-2.13076,-0.16237,6.00,0.00,body_local_swing_forehand
524,Table_Tennis_01_013_TennisBats01_62p59_64p59_Skeleton001,forehand,1.0000,TennisBats01,Csv/Point/Table Tennis_01_013.csv,0.26752,-1.62754,-0.09387,6.00,0.00,body_local_swing_forehand
525,Table_Tennis_01_013_TennisBats01_63p83_65p83_Skeleton001,forehand,1.0000,TennisBats01,Csv/Point/Table Tennis_01_013.csv,0.09745,-0.52766,-0.04062,4.00,0.75,body_local_swing_forehand
526,Table_Tennis_01_013_TennisBats01_65p17_67p17_Skeleton001,forehand,1.0000,TennisBats01,Csv/Point/Table Tennis_01_013.csv,0.37334,-1.27324,-0.09451,6.75,0.00,body_local_swing_forehand
527,Table_Tennis_01_013_TennisBats01_66p52_68p52_Skeleton001,forehand,1.0000,TennisBats01,Csv/Point/Table Tennis_01_013.csv,0.56303,-0.38072,-0.01689,3.75,0.00,body_local_swing_forehand
528,Table_Tennis_01_013_TennisBats01_73p09_75p09_Skeleton001,forehand,1.0000,TennisBats01,Csv/Point/Table Tennis_01_013.csv,0.36991,-1.53451,-0.10065,6.75,0.00,body_local_swing_forehand
529,Table_Tennis_01_013_TennisBats01_74p31_76p31_Skeleton001,forehand,1.0000,TennisBats01,Csv/Point/Table Tennis_01_013.csv,0.29350,-1.63952,-0.08594,6.00,0.00,body_local_swing_forehand
530,Table_Tennis_01_013_TennisBats01_75p60_77p60_Skeleton001,forehand,1.0000,TennisBats01,Csv/Point/Table Tennis_01_013.csv,0.41857,-1.26097,-0.09117,6.75,0.00,body_local_swing_forehand
531,Table_Tennis_01_013_TennisBats01_76p84_78p84_Skeleton001,forehand,1.0000,TennisBats01,Csv/Point/Table Tennis_01_013.csv,0.33514,-1.25101,-0.06456,6.75,0.00,body_local_swing_forehand
532,Table_Tennis_01_013_TennisBats01_78p07_80p07_Skeleton001,forehand,1.0000,TennisBats01,Csv/Point/Table Tennis_01_013.csv,0.43125,-1.40041,-0.13069,6.75,0.00,body_local_swing_forehand
533,Table_Tennis_01_013_TennisBats01_79p43_81p43_Skeleton001,forehand,1.0000,TennisBats01,Csv/Point/Table Tennis_01_013.csv,0.40477,-2.00264,-0.13131,6.75,0.00,body_local_swing_forehand
534,Table_Tennis_01_013_TennisBats01_7p14_9p14_Skeleton001,forehand,1.0000,TennisBats01,Csv/Point/Table Tennis_01_013.csv,0.49513,-0.74896,-0.04518,5.75,0.00,body_local_swing_forehand
535,Table_Tennis_01_013_TennisBats01_80p64_82p64_Skeleton001,forehand,1.0000,TennisBats01,Csv/Point/Table Tennis_01_013.csv,0.40235,-1.24246,-0.07145,6.75,0.00,body_local_swing_forehand
536,Table_Tennis_01_013_TennisBats01_81p98_83p98_Skeleton001,forehand,1.0000,TennisBats01,Csv/Point/Table Tennis_01_013.csv,0.43883,-1.13577,-0.03699,5.75,0.00,body_local_swing_forehand
537,Table_Tennis_01_013_TennisBats01_83p23_85p23_Skeleton001,forehand,1.0000,TennisBats01,Csv/Point/Table Tennis_01_013.csv,0.35364,-1.50288,-0.10897,6.75,0.00,body_local_swing_forehand
538,Table_Tennis_01_013_TennisBats01_84p52_86p52_Skeleton001,forehand,1.0000,TennisBats01,Csv/Point/Table Tennis_01_013.csv,0.52885,-0.65415,-0.04664,5.75,0.00,body_local_swing_forehand
539,Table_Tennis_01_013_TennisBats01_85p78_87p78_Skeleton001,forehand,1.0000,TennisBats01,Csv/Point/Table Tennis_01_013.csv,0.52922,-0.57741,-0.02183,3.75,0.00,body_local_swing_forehand
540,Table_Tennis_01_013_TennisBats01_8p58_10p58_Skeleton001,forehand,1.0000,TennisBats01,Csv/Point/Table Tennis_01_013.csv,0.50255,-0.76902,-0.05339,5.75,0.00,body_local_swing_forehand
541,Table_Tennis_01_013_TennisBats01_92p17_94p17_Skeleton001,unknown,0.0000,TennisBats01,Csv/Point/Table Tennis_01_013.csv,0.13013,0.02089,0.00080,0.00,0.75,weak_motion_evidence
542,Table_Tennis_01_013_TennisBats01_93p46_95p46_Skeleton001,forehand,1.0000,TennisBats01,Csv/Point/Table Tennis_01_013.csv,0.33231,-1.65254,-0.12262,6.75,0.00,body_local_swing_forehand
543,Table_Tennis_01_013_TennisBats01_96p04_98p04_Skeleton001,forehand,1.0000,TennisBats01,Csv/Point/Table Tennis_01_013.csv,0.44943,-1.79921,-0.13237,6.75,0.00,body_local_swing_forehand
544,Table_Tennis_01_013_TennisBats01_99p59_101p59_Skeleton001,forehand,1.0000,TennisBats01,Csv/Point/Table Tennis_01_013.csv,0.19607,-2.08803,-0.19230,6.00,0.00,body_local_swing_forehand
545,Table_Tennis_01_013_TennisBats01_9p90_11p90_Skeleton001,forehand,1.0000,TennisBats01,Csv/Point/Table Tennis_01_013.csv,0.37930,-1.42288,-0.10429,6.75,0.00,body_local_swing_forehand
546,Table_Tennis_01_013_TennisBats02_100p44_102p44_Skeleton002,backhand,1.0000,TennisBats02,Csv/Point/Table Tennis_01_013.csv,0.20356,0.61320,0.04694,0.00,4.00,body_local_swing_backhand
547,Table_Tennis_01_013_TennisBats02_10p51_12p51_Skeleton002,backhand,1.0000,TennisBats02,Csv/Point/Table Tennis_01_013.csv,0.10188,0.36814,0.01226,0.00,3.75,body_local_swing_backhand
548,Table_Tennis_01_013_TennisBats02_119p81_121p81_Skeleton002,unknown,0.2000,TennisBats02,Csv/Point/Table Tennis_01_013.csv,0.21833,0.35850,-0.01821,1.00,2.00,ambiguous_body_local_swing
549,Table_Tennis_01_013_TennisBats02_121p08_123p08_Skeleton002,backhand,1.0000,TennisBats02,Csv/Point/Table Tennis_01_013.csv,0.14437,0.36970,0.05135,0.00,4.75,body_local_swing_backhand
550,Table_Tennis_01_013_TennisBats02_123p54_125p54_Skeleton002,unknown,0.0000,TennisBats02,Csv/Point/Table Tennis_01_013.csv,0.08343,0.07447,0.00322,0.00,0.75,weak_motion_evidence
551,Table_Tennis_01_013_TennisBats02_129p45_131p45_Skeleton002,backhand,1.0000,TennisBats02,Csv/Point/Table Tennis_01_013.csv,0.10572,0.65684,0.02249,0.00,4.75,body_local_swing_backhand
552,Table_Tennis_01_013_TennisBats02_131p93_133p93_Skeleton002,backhand,1.0000,TennisBats02,Csv/Point/Table Tennis_01_013.csv,0.13522,0.54190,0.03717,0.00,4.75,body_local_swing_backhand
553,Table_Tennis_01_013_TennisBats02_133p23_135p23_Skeleton002,backhand,1.0000,TennisBats02,Csv/Point/Table Tennis_01_013.csv,0.14314,0.81656,0.05229,0.00,5.75,body_local_swing_backhand
554,Table_Tennis_01_013_TennisBats02_134p44_136p44_Skeleton002,backhand,0.9500,TennisBats02,Csv/Point/Table Tennis_01_013.csv,0.21790,0.57107,0.01772,0.00,3.00,body_local_swing_backhand
555,Table_Tennis_01_013_TennisBats02_135p73_137p73_Skeleton002,backhand,1.0000,TennisBats02,Csv/Point/Table Tennis_01_013.csv,0.22769,0.63971,0.05789,0.00,4.00,body_local_swing_backhand
556,Table_Tennis_01_013_TennisBats02_136p94_138p94_Skeleton002,backhand,0.9500,TennisBats02,Csv/Point/Table Tennis_01_013.csv,0.17616,0.27908,0.02742,0.00,3.00,body_local_swing_backhand
557,Table_Tennis_01_013_TennisBats02_139p27_141p27_Skeleton002,backhand,1.0000,TennisBats02,Csv/Point/Table Tennis_01_013.csv,0.14505,0.63318,0.01525,0.00,3.75,body_local_swing_backhand
558,Table_Tennis_01_013_TennisBats02_141p68_143p68_Skeleton002,unknown,0.0000,TennisBats02,Csv/Point/Table Tennis_01_013.csv,0.22386,0.05589,-0.00904,0.00,0.00,weak_motion_evidence
559,Table_Tennis_01_013_TennisBats02_142p89_144p89_Skeleton002,backhand,0.7500,TennisBats02,Csv/Point/Table Tennis_01_013.csv,0.19365,0.36383,0.00229,0.00,2.00,body_local_swing_backhand
560,Table_Tennis_01_013_TennisBats02_144p13_146p13_Skeleton002,backhand,1.0000,TennisBats02,Csv/Point/Table Tennis_01_013.csv,0.11499,0.69465,0.04446,0.00,5.75,body_local_swing_backhand
561,Table_Tennis_01_013_TennisBats02_146p55_148p55_Skeleton002,backhand,1.0000,TennisBats02,Csv/Point/Table Tennis_01_013.csv,0.02545,1.03148,0.04172,0.00,5.75,body_local_swing_backhand
562,Table_Tennis_01_013_TennisBats02_148p95_150p95_Skeleton002,backhand,0.9000,TennisBats02,Csv/Point/Table Tennis_01_013.csv,0.04189,0.39664,-0.00969,0.00,2.75,body_local_swing_backhand
563,Table_Tennis_01_013_TennisBats02_150p19_152p19_Skeleton002,backhand,1.0000,TennisBats02,Csv/Point/Table Tennis_01_013.csv,0.20115,0.66582,0.03035,0.00,5.00,body_local_swing_backhand
564,Table_Tennis_01_013_TennisBats02_152p64_154p64_Skeleton002,backhand,1.0000,TennisBats02,Csv/Point/Table Tennis_01_013.csv,0.12091,0.99310,0.04893,0.00,5.75,body_local_swing_backhand
565,Table_Tennis_01_013_TennisBats02_153p90_155p90_Skeleton002,backhand,1.0000,TennisBats02,Csv/Point/Table Tennis_01_013.csv,0.06954,1.27490,0.05740,0.00,5.75,body_local_swing_backhand
566,Table_Tennis_01_013_TennisBats02_155p30_157p30_Skeleton002,backhand,1.0000,TennisBats02,Csv/Point/Table Tennis_01_013.csv,0.38676,1.04669,0.06324,0.75,6.00,body_local_swing_backhand
567,Table_Tennis_01_013_TennisBats02_156p56_158p56_Skeleton002,backhand,1.0000,TennisBats02,Csv/Point/Table Tennis_01_013.csv,0.21082,0.55282,0.03077,0.00,4.00,body_local_swing_backhand
568,Table_Tennis_01_013_TennisBats02_157p85_159p85_Skeleton002,backhand,0.7500,TennisBats02,Csv/Point/Table Tennis_01_013.csv,0.21428,0.38485,-0.00543,0.00,2.00,body_local_swing_backhand
569,Table_Tennis_01_013_TennisBats02_159p06_161p06_Skeleton002,backhand,0.9500,TennisBats02,Csv/Point/Table Tennis_01_013.csv,0.18091,0.51054,0.02248,0.00,3.00,body_local_swing_backhand
570,Table_Tennis_01_013_TennisBats02_160p29_162p29_Skeleton002,backhand,1.0000,TennisBats02,Csv/Point/Table Tennis_01_013.csv,0.05788,0.91537,0.02818,0.00,5.75,body_local_swing_backhand
571,Table_Tennis_01_013_TennisBats02_161p58_163p58_Skeleton002,backhand,1.0000,TennisBats02,Csv/Point/Table Tennis_01_013.csv,0.26919,0.85349,0.07202,0.00,6.00,body_local_swing_backhand
572,Table_Tennis_01_013_TennisBats02_162p79_164p79_Skeleton002,backhand,1.0000,TennisBats02,Csv/Point/Table Tennis_01_013.csv,0.18470,0.54887,0.03048,0.00,4.00,body_local_swing_backhand
573,Table_Tennis_01_013_TennisBats02_164p00_166p00_Skeleton002,backhand,0.7500,TennisBats02,Csv/Point/Table Tennis_01_013.csv,0.17232,0.43423,0.00573,0.00,2.00,body_local_swing_backhand
574,Table_Tennis_01_013_TennisBats02_17p47_19p47_Skeleton002,backhand,1.0000,TennisBats02,Csv/Point/Table Tennis_01_013.csv,0.20239,0.42428,0.02731,0.00,4.00,body_local_swing_backhand
575,Table_Tennis_01_013_TennisBats02_18p80_20p80_Skeleton002,backhand,1.0000,TennisBats02,Csv/Point/Table Tennis_01_013.csv,0.06156,0.57810,0.02218,0.00,3.75,body_local_swing_backhand
576,Table_Tennis_01_013_TennisBats02_1p10_3p10_Skeleton002,backhand,1.0000,TennisBats02,Csv/Point/Table Tennis_01_013.csv,0.07630,0.56082,0.03827,0.00,4.75,body_local_swing_backhand
577,Table_Tennis_01_013_TennisBats02_20p07_22p07_Skeleton002,backhand,0.9000,TennisBats02,Csv/Point/Table Tennis_01_013.csv,0.06286,0.42258,0.00658,0.00,2.75,body_local_swing_backhand
578,Table_Tennis_01_013_TennisBats02_26p52_28p52_Skeleton002,backhand,1.0000,TennisBats02,Csv/Point/Table Tennis_01_013.csv,0.19984,0.47152,0.03294,0.00,4.00,body_local_swing_backhand
579,Table_Tennis_01_013_TennisBats02_27p81_29p81_Skeleton002,backhand,0.9500,TennisBats02,Csv/Point/Table Tennis_01_013.csv,0.18172,0.31780,0.01454,0.00,3.00,body_local_swing_backhand
580,Table_Tennis_01_013_TennisBats02_2p42_4p42_Skeleton002,backhand,1.0000,TennisBats02,Csv/Point/Table Tennis_01_013.csv,0.26007,0.55926,0.03430,0.00,4.00,body_local_swing_backhand
581,Table_Tennis_01_013_TennisBats02_30p50_32p50_Skeleton002,backhand,0.9500,TennisBats02,Csv/Point/Table Tennis_01_013.csv,0.21263,0.38740,0.01705,0.00,3.00,body_local_swing_backhand
582,Table_Tennis_01_013_TennisBats02_31p81_33p81_Skeleton002,unknown,0.0000,TennisBats02,Csv/Point/Table Tennis_01_013.csv,0.14238,0.21025,0.00998,0.00,1.75,weak_motion_evidence
583,Table_Tennis_01_013_TennisBats02_33p14_35p14_Skeleton002,backhand,1.0000,TennisBats02,Csv/Point/Table Tennis_01_013.csv,0.10688,0.32672,0.01629,0.00,3.75,body_local_swing_backhand
584,Table_Tennis_01_013_TennisBats02_34p51_36p51_Skeleton002,backhand,0.9000,TennisBats02,Csv/Point/Table Tennis_01_013.csv,0.12121,0.16852,0.01363,0.00,2.75,body_local_swing_backhand
585,Table_Tennis_01_013_TennisBats02_35p82_37p82_Skeleton002,backhand,1.0000,TennisBats02,Csv/Point/Table Tennis_01_013.csv,0.09866,0.39811,0.01393,0.00,3.75,body_local_swing_backhand
586,Table_Tennis_01_013_TennisBats02_37p14_39p14_Skeleton002,backhand,1.0000,TennisBats02,Csv/Point/Table Tennis_01_013.csv,0.06036,0.43791,0.02176,0.00,3.75,body_local_swing_backhand
587,Table_Tennis_01_013_TennisBats02_38p44_40p44_Skeleton002,backhand,1.0000,TennisBats02,Csv/Point/Table Tennis_01_013.csv,0.13729,0.36185,0.01586,0.00,3.75,body_local_swing_backhand
588,Table_Tennis_01_013_TennisBats02_39p77_41p77_Skeleton002,backhand,1.0000,TennisBats02,Csv/Point/Table Tennis_01_013.csv,0.10877,0.35659,0.01865,0.00,3.75,body_local_swing_backhand
589,Table_Tennis_01_013_TennisBats02_3p70_5p70_Skeleton002,backhand,1.0000,TennisBats02,Csv/Point/Table Tennis_01_013.csv,0.17092,0.43416,0.03159,0.00,4.00,body_local_swing_backhand
590,Table_Tennis_01_013_TennisBats02_42p41_44p41_Skeleton002,backhand,0.9000,TennisBats02,Csv/Point/Table Tennis_01_013.csv,0.11379,0.41750,0.01018,0.00,2.75,body_local_swing_backhand
591,Table_Tennis_01_013_TennisBats02_43p62_45p62_Skeleton002,unknown,0.0000,TennisBats02,Csv/Point/Table Tennis_01_013.csv,0.13005,0.22783,0.00664,0.00,1.75,weak_motion_evidence
592,Table_Tennis_01_013_TennisBats02_44p93_46p93_Skeleton002,backhand,0.9000,TennisBats02,Csv/Point/Table Tennis_01_013.csv,0.00817,0.39579,-0.00177,0.00,2.75,body_local_swing_backhand
593,Table_Tennis_01_013_TennisBats02_51p65_53p65_Skeleton002,backhand,1.0000,TennisBats02,Csv/Point/Table Tennis_01_013.csv,0.01776,0.88326,0.03015,0.00,5.75,body_local_swing_backhand
594,Table_Tennis_01_013_TennisBats02_53p13_55p13_Skeleton002,backhand,1.0000,TennisBats02,Csv/Point/Table Tennis_01_013.csv,0.16274,0.53918,0.04317,0.00,4.00,body_local_swing_backhand
595,Table_Tennis_01_013_TennisBats02_54p59_56p59_Skeleton002,backhand,1.0000,TennisBats02,Csv/Point/Table Tennis_01_013.csv,0.23574,0.52539,0.03187,0.00,4.00,body_local_swing_backhand
596,Table_Tennis_01_013_TennisBats02_5p14_7p14_Skeleton002,backhand,1.0000,TennisBats02,Csv/Point/Table Tennis_01_013.csv,0.15947,0.73625,0.05809,0.00,5.75,body_local_swing_backhand
597,Table_Tennis_01_013_TennisBats02_61p96_63p96_Skeleton002,backhand,1.0000,TennisBats02,Csv/Point/Table Tennis_01_013.csv,0.19882,0.57749,0.03929,0.00,4.00,body_local_swing_backhand
598,Table_Tennis_01_013_TennisBats02_63p22_65p22_Skeleton002,unknown,0.0000,TennisBats02,Csv/Point/Table Tennis_01_013.csv,0.30228,0.03396,-0.02150,1.00,0.00,weak_motion_evidence
599,Table_Tennis_01_013_TennisBats02_64p48_66p48_Skeleton002,backhand,1.0000,TennisBats02,Csv/Point/Table Tennis_01_013.csv,0.24377,0.68774,0.06196,0.00,6.00,body_local_swing_backhand
600,Table_Tennis_01_013_TennisBats02_65p82_67p82_Skeleton002,unknown,0.0000,TennisBats02,Csv/Point/Table Tennis_01_013.csv,0.23834,0.16038,-0.00733,0.00,1.00,weak_motion_evidence
601,Table_Tennis_01_013_TennisBats02_6p44_8p44_Skeleton002,backhand,0.9500,TennisBats02,Csv/Point/Table Tennis_01_013.csv,0.18061,0.33221,0.02203,0.00,3.00,body_local_swing_backhand
602,Table_Tennis_01_013_TennisBats02_72p44_74p44_Skeleton002,unknown,0.0000,TennisBats02,Csv/Point/Table Tennis_01_013.csv,0.18466,0.15142,-0.00849,0.00,1.00,weak_motion_evidence
603,Table_Tennis_01_013_TennisBats02_73p65_75p65_Skeleton002,backhand,0.9000,TennisBats02,Csv/Point/Table Tennis_01_013.csv,0.13554,0.39434,0.01000,0.00,2.75,body_local_swing_backhand
604,Table_Tennis_01_013_TennisBats02_74p92_76p92_Skeleton002,unknown,0.0000,TennisBats02,Csv/Point/Table Tennis_01_013.csv,0.19701,0.25207,0.00483,0.00,1.00,weak_motion_evidence
605,Table_Tennis_01_013_TennisBats02_76p15_78p15_Skeleton002,backhand,1.0000,TennisBats02,Csv/Point/Table Tennis_01_013.csv,0.05952,0.34936,0.01743,0.00,3.75,body_local_swing_backhand
606,Table_Tennis_01_013_TennisBats02_77p43_79p43_Skeleton002,backhand,0.7500,TennisBats02,Csv/Point/Table Tennis_01_013.csv,0.16912,0.27436,0.01419,0.00,2.00,body_local_swing_backhand
607,Table_Tennis_01_013_TennisBats02_78p66_80p66_Skeleton002,backhand,1.0000,TennisBats02,Csv/Point/Table Tennis_01_013.csv,0.07992,0.65438,0.02857,0.00,5.75,body_local_swing_backhand
608,Table_Tennis_01_013_TennisBats02_7p82_9p82_Skeleton002,backhand,1.0000,TennisBats02,Csv/Point/Table Tennis_01_013.csv,-0.00550,0.87998,0.04475,0.00,5.75,body_local_swing_backhand
609,Table_Tennis_01_013_TennisBats02_80p00_82p00_Skeleton002,backhand,0.9000,TennisBats02,Csv/Point/Table Tennis_01_013.csv,0.14925,0.25918,0.01766,0.00,2.75,body_local_swing_backhand
610,Table_Tennis_01_013_TennisBats02_81p32_83p32_Skeleton002,backhand,1.0000,TennisBats02,Csv/Point/Table Tennis_01_013.csv,0.20304,0.57382,0.04568,0.00,4.00,body_local_swing_backhand
611,Table_Tennis_01_013_TennisBats02_82p56_84p56_Skeleton002,backhand,1.0000,TennisBats02,Csv/Point/Table Tennis_01_013.csv,0.10404,0.43438,0.02597,0.00,4.75,body_local_swing_backhand
612,Table_Tennis_01_013_TennisBats02_83p83_85p83_Skeleton002,backhand,1.0000,TennisBats02,Csv/Point/Table Tennis_01_013.csv,0.11982,0.46047,0.01363,0.00,3.75,body_local_swing_backhand
613,Table_Tennis_01_013_TennisBats02_85p15_87p15_Skeleton002,backhand,1.0000,TennisBats02,Csv/Point/Table Tennis_01_013.csv,0.10334,0.62319,0.04153,0.00,4.75,body_local_swing_backhand
614,Table_Tennis_01_013_TennisBats02_86p44_88p44_Skeleton002,backhand,1.0000,TennisBats02,Csv/Point/Table Tennis_01_013.csv,0.19952,0.59722,0.03231,0.00,4.00,body_local_swing_backhand
615,Table_Tennis_01_013_TennisBats02_89p88_91p88_Skeleton002,backhand,1.0000,TennisBats02,Csv/Point/Table Tennis_01_013.csv,0.01107,0.99671,0.01515,0.00,4.75,body_local_swing_backhand
616,Table_Tennis_01_013_TennisBats02_91p53_93p53_Skeleton002,unknown,0.0000,TennisBats02,Csv/Point/Table Tennis_01_013.csv,0.23623,0.29343,-0.00299,0.00,1.00,weak_motion_evidence
617,Table_Tennis_01_013_TennisBats02_92p76_94p76_Skeleton002,backhand,1.0000,TennisBats02,Csv/Point/Table Tennis_01_013.csv,0.15807,0.45438,0.03613,0.00,4.75,body_local_swing_backhand
618,Table_Tennis_01_013_TennisBats02_94p04_96p04_Skeleton002,unknown,0.0000,TennisBats02,Csv/Point/Table Tennis_01_013.csv,0.14878,0.16491,-0.02365,1.00,1.75,weak_motion_evidence
619,Table_Tennis_01_013_TennisBats02_95p35_97p35_Skeleton002,backhand,0.9000,TennisBats02,Csv/Point/Table Tennis_01_013.csv,0.00853,0.39445,-0.00342,0.00,2.75,body_local_swing_backhand
620,Table_Tennis_01_013_TennisBats02_96p60_98p60_Skeleton002,backhand,0.9000,TennisBats02,Csv/Point/Table Tennis_01_013.csv,0.05970,0.31504,-0.00055,0.00,2.75,body_local_swing_backhand
621,Table_Tennis_01_013_TennisBats02_9p18_11p18_Skeleton002,backhand,1.0000,TennisBats02,Csv/Point/Table Tennis_01_013.csv,0.18719,0.33272,0.03166,0.00,4.00,body_local_swing_backhand
622,Table_Tennis_01_014_TennisBats01_0p00_1p91_Skeleton001,forehand,1.0000,TennisBats01,Csv/Point/Table Tennis_01_014.csv,0.18198,-2.29889,-0.17393,6.00,0.00,body_local_swing_forehand
623,Table_Tennis_01_014_TennisBats01_100p36_102p36_Skeleton001,forehand,1.0000,TennisBats01,Csv/Point/Table Tennis_01_014.csv,0.35625,-1.19016,-0.08056,6.75,0.00,body_local_swing_forehand
624,Table_Tennis_01_014_TennisBats01_101p59_103p59_Skeleton001,forehand,1.0000,TennisBats01,Csv/Point/Table Tennis_01_014.csv,0.35147,-1.18931,-0.08149,6.75,0.00,body_local_swing_forehand
625,Table_Tennis_01_014_TennisBats01_102p86_104p86_Skeleton001,forehand,1.0000,TennisBats01,Csv/Point/Table Tennis_01_014.csv,0.41006,-0.99734,-0.05555,5.75,0.00,body_local_swing_forehand
626,Table_Tennis_01_014_TennisBats01_104p11_106p11_Skeleton001,forehand,1.0000,TennisBats01,Csv/Point/Table Tennis_01_014.csv,0.28080,-1.21288,-0.07933,6.00,0.00,body_local_swing_forehand
627,Table_Tennis_01_014_TennisBats01_105p40_107p40_Skeleton001,forehand,1.0000,TennisBats01,Csv/Point/Table Tennis_01_014.csv,0.50534,-0.91548,-0.07769,6.75,0.00,body_local_swing_forehand
628,Table_Tennis_01_014_TennisBats01_106p70_108p70_Skeleton001,forehand,1.0000,TennisBats01,Csv/Point/Table Tennis_01_014.csv,0.69045,-1.14870,-0.05228,5.75,0.00,body_local_swing_forehand
629,Table_Tennis_01_014_TennisBats01_107p92_109p92_Skeleton001,forehand,1.0000,TennisBats01,Csv/Point/Table Tennis_01_014.csv,0.37935,-1.26862,-0.09766,6.75,0.00,body_local_swing_forehand
630,Table_Tennis_01_014_TennisBats01_10p98_12p98_Skeleton001,forehand,1.0000,TennisBats01,Csv/Point/Table Tennis_01_014.csv,0.41375,-1.89020,-0.13060,6.75,0.00,body_local_swing_forehand
631,Table_Tennis_01_014_TennisBats01_111p49_113p49_Skeleton001,unknown,0.0000,TennisBats01,Csv/Point/Table Tennis_01_014.csv,0.56695,-0.08653,-0.01739,1.75,0.00,weak_motion_evidence
632,Table_Tennis_01_014_TennisBats01_112p84_114p84_Skeleton001,forehand,1.0000,TennisBats01,Csv/Point/Table Tennis_01_014.csv,0.34310,-0.73545,-0.05376,5.75,0.00,body_local_swing_forehand
633,Table_Tennis_01_014_TennisBats01_114p11_116p11_Skeleton001,forehand,1.0000,TennisBats01,Csv/Point/Table Tennis_01_014.csv,0.41725,-1.05794,-0.08238,6.75,0.00,body_local_swing_forehand
634,Table_Tennis_01_014_TennisBats01_115p31_117p31_Skeleton001,forehand,1.0000,TennisBats01,Csv/Point/Table Tennis_01_014.csv,0.57264,-1.63711,-0.09239,6.75,0.00,body_local_swing_forehand
635,Table_Tennis_01_014_TennisBats01_124p87_126p87_Skeleton001,forehand,1.0000,TennisBats01,Csv/Point/Table Tennis_01_014.csv,0.46706,-1.25135,-0.07733,6.75,0.00,body_local_swing_forehand
636,Table_Tennis_01_014_TennisBats01_133p36_135p36_Skeleton001,unknown,0.0000,TennisBats01,Csv/Point/Table Tennis_01_014.csv,0.59973,0.05450,-0.01313,1.75,0.00,weak_motion_evidence
637,Table_Tennis_01_014_TennisBats01_134p60_136p60_Skeleton001,forehand,1.0000,TennisBats01,Csv/Point/Table Tennis_01_014.csv,0.34639,-0.60505,-0.03815,4.75,0.00,body_local_swing_forehand
638,Table_Tennis_01_014_TennisBats01_135p86_137p86_Skeleton001,forehand,1.0000,TennisBats01,Csv/Point/Table Tennis_01_014.csv,0.34858,-1.08806,-0.07434,6.75,0.00,body_local_swing_forehand
639,Table_Tennis_01_014_TennisBats01_138p27_140p27_Skeleton001,forehand,1.0000,TennisBats01,Csv/Point/Table Tennis_01_014.csv,0.40542,-1.12184,-0.08054,6.75,0.00,body_local_swing_forehand
640,Table_Tennis_01_014_TennisBats01_150p33_152p33_Skeleton001,forehand,1.0000,TennisBats01,Csv/Point/Table Tennis_01_014.csv,0.46083,-0.86381,-0.06780,6.75,0.00,body_local_swing_forehand
641,Table_Tennis_01_014_TennisBats01_151p56_153p56_Skeleton001,forehand,1.0000,TennisBats01,Csv/Point/Table Tennis_01_014.csv,0.29189,-1.25997,-0.05875,5.00,0.00,body_local_swing_forehand
642,Table_Tennis_01_014_TennisBats01_152p79_154p79_Skeleton001,forehand,1.0000,TennisBats01,Csv/Point/Table Tennis_01_014.csv,0.46438,-0.59076,-0.04233,4.75,0.00,body_local_swing_forehand
643,Table_Tennis_01_014_TennisBats01_154p10_156p10_Skeleton001,forehand,1.0000,TennisBats01,Csv/Point/Table Tennis_01_014.csv,0.38508,-1.06968,-0.07560,6.75,0.00,body_local_swing_forehand
644,Table_Tennis_01_014_TennisBats01_155p38_157p38_Skeleton001,forehand,1.0000,TennisBats01,Csv/Point/Table Tennis_01_014.csv,0.29855,-1.61870,-0.09999,6.00,0.00,body_local_swing_forehand
645,Table_Tennis_01_014_TennisBats01_156p64_158p64_Skeleton001,forehand,1.0000,TennisBats01,Csv/Point/Table Tennis_01_014.csv,0.42456,-0.85692,-0.06311,6.75,0.00,body_local_swing_forehand
646,Table_Tennis_01_014_TennisBats01_157p88_159p88_Skeleton001,forehand,1.0000,TennisBats01,Csv/Point/Table Tennis_01_014.csv,0.47458,-1.01615,-0.06431,6.75,0.00,body_local_swing_forehand
647,Table_Tennis_01_014_TennisBats01_159p12_161p12_Skeleton001,forehand,1.0000,TennisBats01,Csv/Point/Table Tennis_01_014.csv,0.38212,-1.03578,-0.07384,6.75,0.00,body_local_swing_forehand
648,Table_Tennis_01_014_TennisBats01_160p49_162p49_Skeleton001,forehand,1.0000,TennisBats01,Csv/Point/Table Tennis_01_014.csv,0.59061,-0.50005,-0.03438,4.75,0.00,body_local_swing_forehand
649,Table_Tennis_01_014_TennisBats01_171p36_173p36_Skeleton001,forehand,1.0000,TennisBats01,Csv/Point/Table Tennis_01_014.csv,0.32257,-1.32732,-0.07590,6.75,0.00,body_local_swing_forehand
650,Table_Tennis_01_014_TennisBats01_172p64_174p64_Skeleton001,forehand,1.0000,TennisBats01,Csv/Point/Table Tennis_01_014.csv,0.45450,-0.94098,-0.06430,6.75,0.00,body_local_swing_forehand
651,Table_Tennis_01_014_TennisBats01_174p04_176p04_Skeleton001,forehand,1.0000,TennisBats01,Csv/Point/Table Tennis_01_014.csv,0.38812,-1.24503,-0.09707,6.75,0.00,body_local_swing_forehand
652,Table_Tennis_01_014_TennisBats01_176p43_178p43_Skeleton001,forehand,1.0000,TennisBats01,Csv/Point/Table Tennis_01_014.csv,0.39180,-1.67141,-0.10724,6.75,0.00,body_local_swing_forehand
653,Table_Tennis_01_014_TennisBats01_17p08_19p08_Skeleton001,forehand,1.0000,TennisBats01,Csv/Point/Table Tennis_01_014.csv,0.20308,-2.08174,-0.17054,6.00,0.00,body_local_swing_forehand
654,Table_Tennis_01_014_TennisBats01_182p86_184p86_Skeleton001,forehand,1.0000,TennisBats01,Csv/Point/Table Tennis_01_014.csv,0.35707,-1.12808,-0.07992,6.75,0.00,body_local_swing_forehand
655,Table_Tennis_01_014_TennisBats01_185p36_187p36_Skeleton001,forehand,1.0000,TennisBats01,Csv/Point/Table Tennis_01_014.csv,0.35620,-1.15673,-0.08127,6.75,0.00,body_local_swing_forehand
656,Table_Tennis_01_014_TennisBats01_186p60_188p60_Skeleton001,forehand,1.0000,TennisBats01,Csv/Point/Table Tennis_01_014.csv,0.45099,-0.94421,-0.07506,6.75,0.00,body_local_swing_forehand
657,Table_Tennis_01_014_TennisBats01_187p84_189p84_Skeleton001,forehand,1.0000,TennisBats01,Csv/Point/Table Tennis_01_014.csv,0.52130,-1.75326,-0.10254,6.75,0.00,body_local_swing_forehand
658,Table_Tennis_01_014_TennisBats01_18p54_20p54_Skeleton001,forehand,1.0000,TennisBats01,Csv/Point/Table Tennis_01_014.csv,0.38099,-1.26771,-0.07387,6.75,0.00,body_local_swing_forehand
659,Table_Tennis_01_014_TennisBats01_198p90_200p90_Skeleton001,forehand,1.0000,TennisBats01,Csv/Point/Table Tennis_01_014.csv,0.33328,-1.58211,-0.09281,6.75,0.00,body_local_swing_forehand
660,Table_Tennis_01_014_TennisBats01_1p25_3p25_Skeleton001,forehand,1.0000,TennisBats01,Csv/Point/Table Tennis_01_014.csv,0.40210,-0.90188,-0.05606,5.75,0.00,body_local_swing_forehand
661,Table_Tennis_01_014_TennisBats01_200p13_202p13_Skeleton001,forehand,1.0000,TennisBats01,Csv/Point/Table Tennis_01_014.csv,0.45981,-1.15844,-0.07034,6.75,0.00,body_local_swing_forehand
662,Table_Tennis_01_014_TennisBats01_204p84_206p84_Skeleton001,forehand,1.0000,TennisBats01,Csv/Point/Table Tennis_01_014.csv,0.36170,-1.34110,-0.07866,6.75,0.00,body_local_swing_forehand
663,Table_Tennis_01_014_TennisBats01_207p29_209p29_Skeleton001,forehand,1.0000,TennisBats01,Csv/Point/Table Tennis_01_014.csv,0.40763,-1.22517,-0.07611,6.75,0.00,body_local_swing_forehand
664,Table_Tennis_01_014_TennisBats01_208p49_210p49_Skeleton001,forehand,1.0000,TennisBats01,Csv/Point/Table Tennis_01_014.csv,0.41417,-1.43045,-0.09141,6.75,0.00,body_local_swing_forehand
665,Table_Tennis_01_014_TennisBats01_209p73_211p73_Skeleton001,forehand,1.0000,TennisBats01,Csv/Point/Table Tennis_01_014.csv,0.37484,-1.68948,-0.12133,6.75,0.00,body_local_swing_forehand
666,Table_Tennis_01_014_TennisBats01_20p93_22p93_Skeleton001,forehand,1.0000,TennisBats01,Csv/Point/Table Tennis_01_014.csv,0.48391,-1.41987,-0.09277,6.75,0.00,body_local_swing_forehand
667,Table_Tennis_01_014_TennisBats01_210p93_212p93_Skeleton001,forehand,1.0000,TennisBats01,Csv/Point/Table Tennis_01_014.csv,0.50247,-1.65690,-0.08153,6.75,0.00,body_local_swing_forehand
668,Table_Tennis_01_014_TennisBats01_212p17_214p17_Skeleton001,forehand,1.0000,TennisBats01,Csv/Point/Table Tennis_01_014.csv,0.37946,-1.74304,-0.11509,6.75,0.00,body_local_swing_forehand
669,Table_Tennis_01_014_TennisBats01_213p47_215p47_Skeleton001,forehand,1.0000,TennisBats01,Csv/Point/Table Tennis_01_014.csv,0.46613,-1.21333,-0.10032,6.75,0.00,body_local_swing_forehand
670,Table_Tennis_01_014_TennisBats01_214p69_216p69_Skeleton001,forehand,1.0000,TennisBats01,Csv/Point/Table Tennis_01_014.csv,0.39132,-1.38529,-0.09975,6.75,0.00,body_local_swing_forehand
671,Table_Tennis_01_014_TennisBats01_215p91_217p91_Skeleton001,forehand,1.0000,TennisBats01,Csv/Point/Table Tennis_01_014.csv,0.44579,-1.67395,-0.10010,6.75,0.00,body_local_swing_forehand
672,Table_Tennis_01_014_TennisBats01_22p16_24p16_Skeleton001,forehand,1.0000,TennisBats01,Csv/Point/Table Tennis_01_014.csv,0.35345,-1.40081,-0.07538,6.75,0.00,body_local_swing_forehand
673,Table_Tennis_01_014_TennisBats01_23p39_25p39_Skeleton001,forehand,1.0000,TennisBats01,Csv/Point/Table Tennis_01_014.csv,0.43449,-1.48514,-0.09725,6.75,0.00,body_local_swing_forehand
674,Table_Tennis_01_014_TennisBats01_25p83_27p83_Skeleton001,forehand,1.0000,TennisBats01,Csv/Point/Table Tennis_01_014.csv,0.40255,-0.77480,-0.04809,5.75,0.00,body_local_swing_forehand
675,Table_Tennis_01_014_TennisBats01_27p14_29p14_Skeleton001,forehand,1.0000,TennisBats01,Csv/Point/Table Tennis_01_014.csv,0.40233,-1.70256,-0.11541,6.75,0.00,body_local_swing_forehand
676,Table_Tennis_01_014_TennisBats01_2p45_4p45_Skeleton001,forehand,1.0000,TennisBats01,Csv/Point/Table Tennis_01_014.csv,0.37771,-0.98406,-0.06451,6.75,0.00,body_local_swing_forehand
677,Table_Tennis_01_014_TennisBats01_3p65_5p65_Skeleton001,forehand,1.0000,TennisBats01,Csv/Point/Table Tennis_01_014.csv,0.39681,-1.20890,-0.07679,6.75,0.00,body_local_swing_forehand
678,Table_Tennis_01_014_TennisBats01_50p74_52p74_Skeleton001,forehand,1.0000,TennisBats01,Csv/Point/Table Tennis_01_014.csv,0.31230,-1.63904,-0.10607,6.00,0.00,body_local_swing_forehand
679,Table_Tennis_01_014_TennisBats01_51p98_53p98_Skeleton001,forehand,1.0000,TennisBats01,Csv/Point/Table Tennis_01_014.csv,0.30769,-1.52878,-0.10175,6.00,0.00,body_local_swing_forehand
680,Table_Tennis_01_014_TennisBats01_53p29_55p29_Skeleton001,forehand,1.0000,TennisBats01,Csv/Point/Table Tennis_01_014.csv,0.35129,-1.22323,-0.05823,5.75,0.00,body_local_swing_forehand
681,Table_Tennis_01_014_TennisBats01_54p53_56p53_Skeleton001,forehand,1.0000,TennisBats01,Csv/Point/Table Tennis_01_014.csv,0.35993,-1.22736,-0.08304,6.75,0.00,body_local_swing_forehand
682,Table_Tennis_01_014_TennisBats01_55p86_57p86_Skeleton001,forehand,1.0000,TennisBats01,Csv/Point/Table Tennis_01_014.csv,0.34567,-1.47550,-0.10144,6.75,0.00,body_local_swing_forehand
683,Table_Tennis_01_014_TennisBats01_57p13_59p13_Skeleton001,forehand,1.0000,TennisBats01,Csv/Point/Table Tennis_01_014.csv,0.35407,-1.28044,-0.08303,6.75,0.00,body_local_swing_forehand
684,Table_Tennis_01_014_TennisBats01_58p43_60p43_Skeleton001,forehand,1.0000,TennisBats01,Csv/Point/Table Tennis_01_014.csv,0.36513,-1.14332,-0.05644,5.75,0.00,body_local_swing_forehand
685,Table_Tennis_01_014_TennisBats01_59p72_61p72_Skeleton001,forehand,1.0000,TennisBats01,Csv/Point/Table Tennis_01_014.csv,0.44472,-0.88992,-0.05090,5.75,0.00,body_local_swing_forehand
686,Table_Tennis_01_014_TennisBats01_61p06_63p06_Skeleton001,forehand,1.0000,TennisBats01,Csv/Point/Table Tennis_01_014.csv,0.22344,-1.74491,-0.11509,6.00,0.00,body_local_swing_forehand
687,Table_Tennis_01_014_TennisBats01_67p41_69p41_Skeleton001,forehand,1.0000,TennisBats01,Csv/Point/Table Tennis_01_014.csv,0.35745,-1.12446,-0.07826,6.75,0.00,body_local_swing_forehand
688,Table_Tennis_01_014_TennisBats01_68p68_70p68_Skeleton001,forehand,1.0000,TennisBats01,Csv/Point/Table Tennis_01_014.csv,0.21955,-1.83807,-0.09107,6.00,0.00,body_local_swing_forehand
689,Table_Tennis_01_014_TennisBats01_69p96_71p96_Skeleton001,forehand,1.0000,TennisBats01,Csv/Point/Table Tennis_01_014.csv,0.36343,-1.64971,-0.11605,6.75,0.00,body_local_swing_forehand
690,Table_Tennis_01_014_TennisBats01_6p01_8p01_Skeleton001,forehand,1.0000,TennisBats01,Csv/Point/Table Tennis_01_014.csv,0.58742,-0.64112,-0.04505,4.75,0.00,body_local_swing_forehand
691,Table_Tennis_01_014_TennisBats01_71p21_73p21_Skeleton001,forehand,1.0000,TennisBats01,Csv/Point/Table Tennis_01_014.csv,0.34700,-1.25105,-0.06978,6.75,0.00,body_local_swing_forehand
692,Table_Tennis_01_014_TennisBats01_75p61_77p61_Skeleton001,forehand,1.0000,TennisBats01,Csv/Point/Table Tennis_01_014.csv,0.27043,-0.75083,-0.02158,4.00,0.00,body_local_swing_forehand
693,Table_Tennis_01_014_TennisBats01_76p94_78p94_Skeleton001,forehand,1.0000,TennisBats01,Csv/Point/Table Tennis_01_014.csv,0.59694,-1.59512,-0.10923,6.75,0.00,body_local_swing_forehand
694,Table_Tennis_01_014_TennisBats01_78p19_80p19_Skeleton001,forehand,1.0000,TennisBats01,Csv/Point/Table Tennis_01_014.csv,0.32482,-1.37207,-0.10243,6.75,0.00,body_local_swing_forehand
695,Table_Tennis_01_014_TennisBats01_79p50_81p50_Skeleton001,forehand,1.0000,TennisBats01,Csv/Point/Table Tennis_01_014.csv,0.37964,-1.58897,-0.11904,6.75,0.00,body_local_swing_forehand
696,Table_Tennis_01_014_TennisBats01_7p25_9p25_Skeleton001,forehand,1.0000,TennisBats01,Csv/Point/Table Tennis_01_014.csv,0.33153,-1.36334,-0.08690,6.75,0.00,body_local_swing_forehand
697,Table_Tennis_01_014_TennisBats01_80p71_82p71_Skeleton001,forehand,1.0000,TennisBats01,Csv/Point/Table Tennis_01_014.csv,0.34380,-1.54106,-0.09531,6.75,0.00,body_local_swing_forehand
698,Table_Tennis_01_014_TennisBats01_88p06_90p06_Skeleton001,forehand,1.0000,TennisBats01,Csv/Point/Table Tennis_01_014.csv,0.37319,-1.37243,-0.10509,6.75,0.00,body_local_swing_forehand
699,Table_Tennis_01_014_TennisBats01_89p28_91p28_Skeleton001,forehand,1.0000,TennisBats01,Csv/Point/Table Tennis_01_014.csv,0.37713,-0.87170,-0.04679,5.75,0.00,body_local_swing_forehand
700,Table_Tennis_01_014_TennisBats01_8p47_10p47_Skeleton001,forehand,1.0000,TennisBats01,Csv/Point/Table Tennis_01_014.csv,0.36030,-1.70715,-0.11722,6.75,0.00,body_local_swing_forehand
701,Table_Tennis_01_014_TennisBats01_91p71_93p71_Skeleton001,forehand,1.0000,TennisBats01,Csv/Point/Table Tennis_01_014.csv,0.33910,-1.35675,-0.08794,6.75,0.00,body_local_swing_forehand
702,Table_Tennis_01_014_TennisBats01_9p69_11p69_Skeleton001,forehand,1.0000,TennisBats01,Csv/Point/Table Tennis_01_014.csv,0.31887,-1.67298,-0.12880,6.00,0.00,body_local_swing_forehand
703,Table_Tennis_01_014_TennisBats02_0p64_2p64_Skeleton002,backhand,1.0000,TennisBats02,Csv/Point/Table Tennis_01_014.csv,0.11910,0.27215,0.02606,0.00,3.75,body_local_swing_backhand
704,Table_Tennis_01_014_TennisBats02_100p96_102p96_Skeleton002,backhand,0.9500,TennisBats02,Csv/Point/Table Tennis_01_014.csv,0.17171,0.35843,0.01770,0.00,3.00,body_local_swing_backhand
705,Table_Tennis_01_014_TennisBats02_102p23_104p23_Skeleton002,backhand,1.0000,TennisBats02,Csv/Point/Table Tennis_01_014.csv,0.19574,0.42547,0.03034,0.00,4.00,body_local_swing_backhand
706,Table_Tennis_01_014_TennisBats02_103p46_105p46_Skeleton002,backhand,1.0000,TennisBats02,Csv/Point/Table Tennis_01_014.csv,0.22250,0.58659,0.03647,0.00,4.00,body_local_swing_backhand
707,Table_Tennis_01_014_TennisBats02_104p78_106p78_Skeleton002,backhand,1.0000,TennisBats02,Csv/Point/Table Tennis_01_014.csv,0.23468,0.68161,0.05999,0.00,5.00,body_local_swing_backhand
708,Table_Tennis_01_014_TennisBats02_106p04_108p04_Skeleton002,backhand,1.0000,TennisBats02,Csv/Point/Table Tennis_01_014.csv,0.09005,0.83458,0.02961,0.00,5.75,body_local_swing_backhand
709,Table_Tennis_01_014_TennisBats02_107p31_109p31_Skeleton002,backhand,1.0000,TennisBats02,Csv/Point/Table Tennis_01_014.csv,0.14409,0.49880,0.03439,0.00,4.75,body_local_swing_backhand
710,Table_Tennis_01_014_TennisBats02_10p30_12p30_Skeleton002,backhand,1.0000,TennisBats02,Csv/Point/Table Tennis_01_014.csv,0.14275,0.35305,0.02874,0.00,4.75,body_local_swing_backhand
711,Table_Tennis_01_014_TennisBats02_110p53_112p53_Skeleton002,backhand,1.0000,TennisBats02,Csv/Point/Table Tennis_01_014.csv,0.01093,0.92438,0.02040,0.00,4.75,body_local_swing_backhand
712,Table_Tennis_01_014_TennisBats02_112p15_114p15_Skeleton002,backhand,1.0000,TennisBats02,Csv/Point/Table Tennis_01_014.csv,0.10511,0.76922,0.03091,0.00,5.75,body_local_swing_backhand
713,Table_Tennis_01_014_TennisBats02_113p47_115p47_Skeleton002,backhand,0.9500,TennisBats02,Csv/Point/Table Tennis_01_014.csv,0.21025,0.39236,0.01877,0.00,3.00,body_local_swing_backhand
714,Table_Tennis_01_014_TennisBats02_114p68_116p68_Skeleton002,backhand,1.0000,TennisBats02,Csv/Point/Table Tennis_01_014.csv,0.11651,0.66605,0.03078,0.00,5.75,body_local_swing_backhand
715,Table_Tennis_01_014_TennisBats02_124p06_126p06_Skeleton002,backhand,1.0000,TennisBats02,Csv/Point/Table Tennis_01_014.csv,0.00662,0.86995,0.01525,0.00,4.75,body_local_swing_backhand
716,Table_Tennis_01_014_TennisBats02_125p49_127p49_Skeleton002,backhand,1.0000,TennisBats02,Csv/Point/Table Tennis_01_014.csv,0.18801,0.78223,0.05671,0.00,5.00,body_local_swing_backhand
717,Table_Tennis_01_014_TennisBats02_132p40_134p40_Skeleton002,backhand,0.9000,TennisBats02,Csv/Point/Table Tennis_01_014.csv,-0.01294,0.38390,-0.00726,0.00,2.75,body_local_swing_backhand
718,Table_Tennis_01_014_TennisBats02_134p02_136p02_Skeleton002,backhand,1.0000,TennisBats02,Csv/Point/Table Tennis_01_014.csv,0.12219,0.86660,0.04209,0.00,5.75,body_local_swing_backhand
719,Table_Tennis_01_014_TennisBats02_135p24_137p24_Skeleton002,backhand,1.0000,TennisBats02,Csv/Point/Table Tennis_01_014.csv,0.24158,0.54650,0.03640,0.00,4.00,body_local_swing_backhand
720,Table_Tennis_01_014_TennisBats02_136p48_138p48_Skeleton002,unknown,0.0000,TennisBats02,Csv/Point/Table Tennis_01_014.csv,0.17598,0.23346,0.00698,0.00,1.00,weak_motion_evidence
721,Table_Tennis_01_014_TennisBats02_138p83_140p83_Skeleton002,backhand,1.0000,TennisBats02,Csv/Point/Table Tennis_01_014.csv,0.10834,0.90996,0.05142,0.00,5.75,body_local_swing_backhand
722,Table_Tennis_01_014_TennisBats02_149p49_151p49_Skeleton002,backhand,1.0000,TennisBats02,Csv/Point/Table Tennis_01_014.csv,-0.00813,0.69608,-0.00048,0.00,3.75,body_local_swing_backhand
723,Table_Tennis_01_014_TennisBats02_150p94_152p94_Skeleton002,unknown,0.0000,TennisBats02,Csv/Point/Table Tennis_01_014.csv,0.19299,0.22354,0.00827,0.00,1.00,weak_motion_evidence
724,Table_Tennis_01_014_TennisBats02_152p20_154p20_Skeleton002,backhand,1.0000,TennisBats02,Csv/Point/Table Tennis_01_014.csv,0.20424,0.58176,0.03718,0.00,4.00,body_local_swing_backhand
725,Table_Tennis_01_014_TennisBats02_153p43_155p43_Skeleton002,backhand,1.0000,TennisBats02,Csv/Point/Table Tennis_01_014.csv,0.02943,0.65951,0.02096,0.00,4.75,body_local_swing_backhand
726,Table_Tennis_01_014_TennisBats02_154p71_156p71_Skeleton002,backhand,1.0000,TennisBats02,Csv/Point/Table Tennis_01_014.csv,0.21029,0.62539,0.03082,0.00,4.00,body_local_swing_backhand
727,Table_Tennis_01_014_TennisBats02_156p03_158p03_Skeleton002,backhand,1.0000,TennisBats02,Csv/Point/Table Tennis_01_014.csv,0.28153,0.76298,0.05912,0.00,5.00,body_local_swing_backhand
728,Table_Tennis_01_014_TennisBats02_157p24_159p24_Skeleton002,backhand,1.0000,TennisBats02,Csv/Point/Table Tennis_01_014.csv,0.13018,0.61578,0.02487,0.00,3.75,body_local_swing_backhand
729,Table_Tennis_01_014_TennisBats02_158p51_160p51_Skeleton002,backhand,1.0000,TennisBats02,Csv/Point/Table Tennis_01_014.csv,0.10339,0.96575,0.04659,0.00,5.75,body_local_swing_backhand
730,Table_Tennis_01_014_TennisBats02_159p86_161p86_Skeleton002,forehand,1.0000,TennisBats02,Csv/Point/Table Tennis_01_014.csv,0.56711,-1.15013,-0.04120,5.75,0.00,body_local_swing_forehand
731,Table_Tennis_01_014_TennisBats02_170p74_172p74_Skeleton002,backhand,1.0000,TennisBats02,Csv/Point/Table Tennis_01_014.csv,0.14409,0.73292,0.04259,0.00,5.75,body_local_swing_backhand
732,Table_Tennis_01_014_TennisBats02_171p99_173p99_Skeleton002,backhand,1.0000,TennisBats02,Csv/Point/Table Tennis_01_014.csv,0.19959,0.64857,0.04073,0.00,4.00,body_local_swing_backhand
733,Table_Tennis_01_014_TennisBats02_173p26_175p26_Skeleton002,unknown,0.0500,TennisBats02,Csv/Point/Table Tennis_01_014.csv,-0.01778,0.27429,-0.03188,2.00,1.75,ambiguous_body_local_swing
734,Table_Tennis_01_014_TennisBats02_174p61_176p61_Skeleton002,backhand,1.0000,TennisBats02,Csv/Point/Table Tennis_01_014.csv,0.16761,0.82781,0.07189,0.00,6.00,body_local_swing_backhand
735,Table_Tennis_01_014_TennisBats02_17p91_19p91_Skeleton002,backhand,0.9500,TennisBats02,Csv/Point/Table Tennis_01_014.csv,0.17971,0.31086,0.02392,0.00,3.00,body_local_swing_backhand
736,Table_Tennis_01_014_TennisBats02_182p03_184p03_Skeleton002,backhand,1.0000,TennisBats02,Csv/Point/Table Tennis_01_014.csv,0.02807,1.22676,0.03890,0.00,5.75,body_local_swing_backhand
737,Table_Tennis_01_014_TennisBats02_183p54_185p54_Skeleton002,backhand,0.9500,TennisBats02,Csv/Point/Table Tennis_01_014.csv,0.19087,0.37347,0.02063,0.00,3.00,body_local_swing_backhand
738,Table_Tennis_01_014_TennisBats02_184p74_186p74_Skeleton002,backhand,0.9500,TennisBats02,Csv/Point/Table Tennis_01_014.csv,0.16411,0.44636,0.01879,0.00,3.00,body_local_swing_backhand
739,Table_Tennis_01_014_TennisBats02_185p95_187p95_Skeleton002,backhand,1.0000,TennisBats02,Csv/Point/Table Tennis_01_014.csv,0.16888,0.50273,0.02732,0.00,4.00,body_local_swing_backhand
740,Table_Tennis_01_014_TennisBats02_187p19_189p19_Skeleton002,backhand,1.0000,TennisBats02,Csv/Point/Table Tennis_01_014.csv,0.10894,0.76166,0.04394,0.00,5.75,body_local_swing_backhand
741,Table_Tennis_01_014_TennisBats02_188p39_190p39_Skeleton002,backhand,1.0000,TennisBats02,Csv/Point/Table Tennis_01_014.csv,0.06439,0.65847,0.03823,0.00,5.75,body_local_swing_backhand
742,Table_Tennis_01_014_TennisBats02_189p69_191p69_Skeleton002,backhand,1.0000,TennisBats02,Csv/Point/Table Tennis_01_014.csv,0.06300,0.95460,0.03999,0.00,5.75,body_local_swing_backhand
743,Table_Tennis_01_014_TennisBats02_198p25_200p25_Skeleton002,backhand,1.0000,TennisBats02,Csv/Point/Table Tennis_01_014.csv,0.24562,0.59688,0.06511,0.00,5.00,body_local_swing_backhand
744,Table_Tennis_01_014_TennisBats02_199p50_201p50_Skeleton002,backhand,0.9000,TennisBats02,Csv/Point/Table Tennis_01_014.csv,0.14597,0.38076,0.00864,0.00,2.75,body_local_swing_backhand
745,Table_Tennis_01_014_TennisBats02_200p71_202p71_Skeleton002,backhand,1.0000,TennisBats02,Csv/Point/Table Tennis_01_014.csv,0.17997,0.44638,0.02761,0.00,4.00,body_local_swing_backhand
746,Table_Tennis_01_014_TennisBats02_204p03_206p03_Skeleton002,backhand,1.0000,TennisBats02,Csv/Point/Table Tennis_01_014.csv,0.03993,0.99718,0.02397,0.00,4.75,body_local_swing_backhand
747,Table_Tennis_01_014_TennisBats02_205p42_207p42_Skeleton002,unknown,0.0000,TennisBats02,Csv/Point/Table Tennis_01_014.csv,0.11437,0.27318,0.00739,0.00,1.75,weak_motion_evidence
748,Table_Tennis_01_014_TennisBats02_207p86_209p86_Skeleton002,backhand,1.0000,TennisBats02,Csv/Point/Table Tennis_01_014.csv,0.10826,0.40071,0.02106,0.00,3.75,body_local_swing_backhand
749,Table_Tennis_01_014_TennisBats02_209p07_211p07_Skeleton002,backhand,0.9000,TennisBats02,Csv/Point/Table Tennis_01_014.csv,0.11807,0.42572,0.01051,0.00,2.75,body_local_swing_backhand
750,Table_Tennis_01_014_TennisBats02_20p28_22p28_Skeleton002,backhand,1.0000,TennisBats02,Csv/Point/Table Tennis_01_014.csv,0.05557,0.57587,0.01557,0.00,3.75,body_local_swing_backhand
751,Table_Tennis_01_014_TennisBats02_210p30_212p30_Skeleton002,backhand,1.0000,TennisBats02,Csv/Point/Table Tennis_01_014.csv,-0.02077,0.67638,0.01028,0.00,3.75,body_local_swing_backhand
752,Table_Tennis_01_014_TennisBats02_212p82_214p82_Skeleton002,backhand,1.0000,TennisBats02,Csv/Point/Table Tennis_01_014.csv,0.15076,0.82168,0.07701,0.00,6.75,body_local_swing_backhand
753,Table_Tennis_01_014_TennisBats02_214p07_216p07_Skeleton002,backhand,1.0000,TennisBats02,Csv/Point/Table Tennis_01_014.csv,0.07888,1.42446,0.08924,0.00,6.75,body_local_swing_backhand
754,Table_Tennis_01_014_TennisBats02_216p49_218p49_Skeleton002,backhand,1.0000,TennisBats02,Csv/Point/Table Tennis_01_014.csv,0.08806,1.00319,0.04009,0.00,5.75,body_local_swing_backhand
755,Table_Tennis_01_014_TennisBats02_21p49_23p49_Skeleton002,backhand,1.0000,TennisBats02,Csv/Point/Table Tennis_01_014.csv,0.09709,0.45098,0.01886,0.00,3.75,body_local_swing_backhand
756,Table_Tennis_01_014_TennisBats02_22p76_24p76_Skeleton002,backhand,1.0000,TennisBats02,Csv/Point/Table Tennis_01_014.csv,0.12115,0.35850,0.01984,0.00,3.75,body_local_swing_backhand
757,Table_Tennis_01_014_TennisBats02_25p22_27p22_Skeleton002,backhand,1.0000,TennisBats02,Csv/Point/Table Tennis_01_014.csv,0.12255,0.83847,0.04908,0.00,5.75,body_local_swing_backhand
758,Table_Tennis_01_014_TennisBats02_26p48_28p48_Skeleton002,backhand,1.0000,TennisBats02,Csv/Point/Table Tennis_01_014.csv,0.15138,0.75633,0.04435,0.00,5.75,body_local_swing_backhand
759,Table_Tennis_01_014_TennisBats02_27p73_29p73_Skeleton002,backhand,1.0000,TennisBats02,Csv/Point/Table Tennis_01_014.csv,0.06612,0.69404,0.02811,0.00,5.75,body_local_swing_backhand
760,Table_Tennis_01_014_TennisBats02_3p03_5p03_Skeleton002,backhand,1.0000,TennisBats02,Csv/Point/Table Tennis_01_014.csv,0.13137,0.37519,0.03034,0.00,4.75,body_local_swing_backhand
761,Table_Tennis_01_014_TennisBats02_43p09_45p09_Skeleton002,backhand,0.9500,TennisBats02,Csv/Point/Table Tennis_01_014.csv,0.17724,0.39743,0.01256,0.00,3.00,body_local_swing_backhand
762,Table_Tennis_01_014_TennisBats02_45p41_47p41_Skeleton002,backhand,1.0000,TennisBats02,Csv/Point/Table Tennis_01_014.csv,0.10400,0.53887,0.03035,0.00,4.75,body_local_swing_backhand
763,Table_Tennis_01_014_TennisBats02_48p92_50p92_Skeleton002,backhand,1.0000,TennisBats02,Csv/Point/Table Tennis_01_014.csv,0.14299,0.46474,0.01480,0.00,3.75,body_local_swing_backhand
764,Table_Tennis_01_014_TennisBats02_51p33_53p33_Skeleton002,unknown,0.0000,TennisBats02,Csv/Point/Table Tennis_01_014.csv,0.18234,0.26154,0.01038,0.00,1.00,weak_motion_evidence
765,Table_Tennis_01_014_TennisBats02_52p60_54p60_Skeleton002,backhand,1.0000,TennisBats02,Csv/Point/Table Tennis_01_014.csv,0.05902,0.34259,0.02344,0.00,3.75,body_local_swing_backhand
766,Table_Tennis_01_014_TennisBats02_53p88_55p88_Skeleton002,backhand,1.0000,TennisBats02,Csv/Point/Table Tennis_01_014.csv,0.15592,0.50389,0.04629,0.00,4.75,body_local_swing_backhand
767,Table_Tennis_01_014_TennisBats02_55p17_57p17_Skeleton002,backhand,1.0000,TennisBats02,Csv/Point/Table Tennis_01_014.csv,0.19929,0.44555,0.02615,0.00,4.00,body_local_swing_backhand
768,Table_Tennis_01_014_TennisBats02_56p47_58p47_Skeleton002,backhand,1.0000,TennisBats02,Csv/Point/Table Tennis_01_014.csv,0.08281,0.58587,0.03358,0.00,4.75,body_local_swing_backhand
769,Table_Tennis_01_014_TennisBats02_57p75_59p75_Skeleton002,backhand,1.0000,TennisBats02,Csv/Point/Table Tennis_01_014.csv,0.14452,0.38436,0.01726,0.00,3.75,body_local_swing_backhand
770,Table_Tennis_01_014_TennisBats02_59p02_61p02_Skeleton002,unknown,0.0000,TennisBats02,Csv/Point/Table Tennis_01_014.csv,0.08039,0.14247,-0.00421,0.00,0.75,weak_motion_evidence
771,Table_Tennis_01_014_TennisBats02_5p36_7p36_Skeleton002,backhand,1.0000,TennisBats02,Csv/Point/Table Tennis_01_014.csv,0.14925,0.54424,0.01804,0.00,3.75,body_local_swing_backhand
772,Table_Tennis_01_014_TennisBats02_60p36_62p36_Skeleton002,backhand,1.0000,TennisBats02,Csv/Point/Table Tennis_01_014.csv,0.31406,0.89637,0.08859,0.00,6.00,body_local_swing_backhand
773,Table_Tennis_01_014_TennisBats02_61p78_63p78_Skeleton002,unknown,0.0000,TennisBats02,Csv/Point/Table Tennis_01_014.csv,0.27453,0.29086,-0.00324,0.00,1.00,weak_motion_evidence
774,Table_Tennis_01_014_TennisBats02_66p49_68p49_Skeleton002,backhand,1.0000,TennisBats02,Csv/Point/Table Tennis_01_014.csv,-0.02315,0.75518,-0.00434,0.00,3.75,body_local_swing_backhand
775,Table_Tennis_01_014_TennisBats02_68p01_70p01_Skeleton002,backhand,0.9000,TennisBats02,Csv/Point/Table Tennis_01_014.csv,0.15982,0.22454,0.01477,0.00,2.75,body_local_swing_backhand
776,Table_Tennis_01_014_TennisBats02_69p29_71p29_Skeleton002,unknown,0.0000,TennisBats02,Csv/Point/Table Tennis_01_014.csv,0.08927,0.25983,0.00715,0.00,1.75,weak_motion_evidence
777,Table_Tennis_01_014_TennisBats02_6p61_8p61_Skeleton002,backhand,1.0000,TennisBats02,Csv/Point/Table Tennis_01_014.csv,0.09442,0.84569,0.04435,0.00,5.75,body_local_swing_backhand
778,Table_Tennis_01_014_TennisBats02_70p56_72p56_Skeleton002,backhand,1.0000,TennisBats02,Csv/Point/Table Tennis_01_014.csv,0.08253,0.57817,0.02340,0.00,3.75,body_local_swing_backhand
779,Table_Tennis_01_014_TennisBats02_73p31_75p31_Skeleton002,backhand,1.0000,TennisBats02,Csv/Point/Table Tennis_01_014.csv,-0.02186,0.96411,0.00110,0.00,3.75,body_local_swing_backhand
780,Table_Tennis_01_014_TennisBats02_74p96_76p96_Skeleton002,backhand,1.0000,TennisBats02,Csv/Point/Table Tennis_01_014.csv,0.19327,0.52209,0.02670,0.00,4.00,body_local_swing_backhand
781,Table_Tennis_01_014_TennisBats02_76p29_78p29_Skeleton002,backhand,1.0000,TennisBats02,Csv/Point/Table Tennis_01_014.csv,0.12549,0.45359,0.03222,0.00,4.75,body_local_swing_backhand
782,Table_Tennis_01_014_TennisBats02_77p56_79p56_Skeleton002,backhand,1.0000,TennisBats02,Csv/Point/Table Tennis_01_014.csv,0.07532,0.92548,0.04648,0.00,5.75,body_local_swing_backhand
783,Table_Tennis_01_014_TennisBats02_78p81_80p81_Skeleton002,backhand,1.0000,TennisBats02,Csv/Point/Table Tennis_01_014.csv,0.12327,0.54265,0.03289,0.00,4.75,body_local_swing_backhand
784,Table_Tennis_01_014_TennisBats02_7p84_9p84_Skeleton002,unknown,0.0000,TennisBats02,Csv/Point/Table Tennis_01_014.csv,0.22310,0.18034,-0.00182,0.00,1.00,weak_motion_evidence
785,Table_Tennis_01_014_TennisBats02_80p07_82p07_Skeleton002,backhand,1.0000,TennisBats02,Csv/Point/Table Tennis_01_014.csv,0.09269,0.36413,0.02331,0.00,3.75,body_local_swing_backhand
786,Table_Tennis_01_014_TennisBats02_87p14_89p14_Skeleton002,backhand,0.9000,TennisBats02,Csv/Point/Table Tennis_01_014.csv,-0.01770,0.56218,0.00024,0.00,2.75,body_local_swing_backhand
787,Table_Tennis_01_014_TennisBats02_88p67_90p67_Skeleton002,backhand,1.0000,TennisBats02,Csv/Point/Table Tennis_01_014.csv,0.12820,0.86872,0.04783,0.00,5.75,body_local_swing_backhand
788,Table_Tennis_01_014_TennisBats02_89p89_91p89_Skeleton002,backhand,1.0000,TennisBats02,Csv/Point/Table Tennis_01_014.csv,0.18381,0.41782,0.02885,0.00,4.00,body_local_swing_backhand
789,Table_Tennis_01_014_TennisBats02_91p10_93p10_Skeleton002,backhand,1.0000,TennisBats02,Csv/Point/Table Tennis_01_014.csv,0.20809,0.46745,0.02536,0.00,4.00,body_local_swing_backhand
790,Table_Tennis_01_014_TennisBats02_92p36_94p36_Skeleton002,backhand,1.0000,TennisBats02,Csv/Point/Table Tennis_01_014.csv,0.16445,0.62224,0.03333,0.00,4.00,body_local_swing_backhand
791,Table_Tennis_01_014_TennisBats02_98p34_100p34_Skeleton002,backhand,1.0000,TennisBats02,Csv/Point/Table Tennis_01_014.csv,0.03860,0.77267,0.01533,0.00,4.75,body_local_swing_backhand
